Nombre,RAM,Almacenamiento,Nota_Ki,Pulgadas,Peso,Bateria,Numero_Opiniones,Valoracion,Precio,Numero_Tiendas
Apple iPhone 11 Pro Max,4GB,256GB,8.0,"6.5""",226,3969,,,494.0,2.0
Apple iPhone 12,4GB,128GB,8.3,"6.1""",162,2815,72.0,9.3,449.0,10.0
Apple iPhone 12,4GB,256GB,8.2,"6.1""",162,2815,11.0,9.5,629.0,2.0
Apple iPhone 12,4GB,64GB,8.4,"6.1""",162,2815,43.0,8.5,459.0,9.0
Apple iPhone 12,America,·,8.2,"6.1""",162,2815,38.0,8.9,,
Apple iPhone 12,America,·,8.1,"6.1""",162,2880,46.0,9.5,,
Apple iPhone 12 Pro,6GB,128GB,8.3,"6.1""",187,2815,12.0,9.7,509.0,1.0
Apple iPhone 12 Pro,6GB,256GB,8.3,"6.1""",187,2815,5.0,9.1,739.0,1.0
Apple iPhone 12 Pro Max,6GB,128GB,8.5,"6.7""",226,3687,5.0,9.2,890.0,1.0
Apple iPhone 12 Pro Max,6GB,256GB,8.5,"6.7""",226,3687,43.0,8.5,749.0,1.0
Apple iPhone 12 Pro Max,6GB,512GB,8.4,"6.7""",226,3687,43.0,8.5,795.0,1.0
Apple iPhone 12 mini,4GB,128GB,8.1,"5.4""",135,2227,9.0,9.0,,
Apple iPhone 12 mini,4GB,64GB,8.1,"5.4""",135,2227,5.0,9.8,525.0,2.0
Apple iPhone 12 mini,America,·,8.1,"5.4""",135,2227,46.0,9.5,,
Apple iPhone 13,4GB,128GB,8.4,"6.1""",174,3240,8.0,9.6,509.0,15.0
Apple iPhone 13,4GB,128GB,8.4,"6.1""",174,3240,8.0,9.6,,
Apple iPhone 13,4GB,256GB,8.3,"6.1""",174,3240,265.0,8.8,625.0,11.0
Apple iPhone 13,4GB,512GB,8.3,"6.1""",174,3240,2.0,--,748.0,9.0
Apple iPhone 13,America,·,8.2,"6.1""",174,3240,65.0,8.5,,
Apple iPhone 13,America,·,8.2,"6.1""",174,3240,265.0,8.8,,
Apple iPhone 13 Mini,4GB,128GB,8.2,"5.4""",141,2438,21.0,9.0,835.0,1.0
Apple iPhone 13 Mini,4GB,512GB,8.1,"5.4""",141,2438,50.0,9.4,,
Apple iPhone 13 Pro,6GB,128GB,8.5,"6.1""",203,3125,5.0,9.2,,
Apple iPhone 13 Pro,6GB,256GB,8.2,"6.1""",203,3125,50.0,9.4,2176.0,1.0
Apple iPhone 13 Pro,6GB,512GB,8.2,"6.1""",203,3125,32.0,8.9,,
Apple iPhone 13 Pro,America,·,8.3,"6.1""",203,3125,5.0,9.6,,
Apple iPhone 13 Pro,America,·,8.0,"6.1""",203,3125,,,,
Apple iPhone 13 Pro Max,6GB,128GB,8.6,"6.7""",238,4373,9.0,9.4,,
Apple iPhone 13 Pro Max,6GB,128GB,8.0,"6.7""",238,4373,,,,
Apple iPhone 13 Pro Max,6GB,1TB,8.1,"6.7""",238,4373,265.0,8.8,,
Apple iPhone 13 Pro Max,6GB,1TB,8.0,"6.7""",238,4373,,,1704.0,1.0
Apple iPhone 13 Pro Max,6GB,256GB,8.0,"6.7""",238,4373,,,1500.0,1.0
Apple iPhone 13 Pro Max,6GB,256GB,8.0,"6.7""",238,4373,,,,
Apple iPhone 13 Pro Max,6GB,512GB,8.0,"6.7""",238,4373,,,,
Apple iPhone 13 Pro Max,6GB,512GB,8.0,"6.7""",228,4373,,,,
Apple iPhone 13 Pro Max,8GB,256GB,8.0,"6.7""",238,4373,,,,
Apple iPhone 13 Pro Max,America,·,8.1,"6.7""",238,4373,30.0,9.3,,
Apple iPhone 13 Pro Max,America,·,8.0,"6.7""",238,4373,,,,
Apple iPhone 13 Pro Max,America,·,8.3,"6.7""",238,4373,,,,
Apple iPhone 13 mini,America,·,8.4,"5.4""",141,2438,11.0,8.0,,
Apple iPhone 13 mini,America,·,8.0,"5.4""",141,2438,,,,
Apple iPhone 14,6GB,128GB,8.3,"6.1""",172,3279,43.0,8.5,842.0,1.0
Apple iPhone 14,6GB,128GB,8.5,"6.1""",172,3279,61.0,8.8,,
Apple iPhone 14,6GB,128GB,8.4,"6.1""",172,3279,40.0,9.1,597.0,17.0
Apple iPhone 14,6GB,256GB,8.5,"6.1""",172,3279,61.0,8.8,721.0,16.0
Apple iPhone 14,6GB,256GB,8.2,"6.1""",172,3279,24.0,8.8,964.0,1.0
Apple iPhone 14,6GB,512GB,8.4,"6.1""",172,3279,40.0,9.1,870.0,10.0
Apple iPhone 14,6GB,512GB,8.1,"6.1""",172,3279,50.0,9.4,1220.0,1.0
Apple iPhone 14,America,·,8.6,"6.1""",172,3279,1.0,--,,
Apple iPhone 14,America,·,8.2,"6.1""",172,3279,1.0,--,,
Apple iPhone 14 Plus,6GB,128GB,8.4,"6.7""",203,4325,68.0,8.7,978.0,1.0
Apple iPhone 14 Plus,6GB,128GB,8.6,"6.7""",203,4325,10.0,9.3,719.0,10.0
Apple iPhone 14 Plus,6GB,256GB,8.3,"6.7""",203,4325,43.0,8.5,1098.0,1.0
Apple iPhone 14 Plus,6GB,256GB,8.6,"6.7""",203,4325,5.0,8.7,765.0,13.0
Apple iPhone 14 Plus,6GB,256GB,8.5,"6.7""",203,4325,21.0,9.2,1079.0,1.0
Apple iPhone 14 Plus,6GB,512GB,8.5,"6.7""",203,4325,16.0,9.2,919.0,10.0
Apple iPhone 14 Plus,6GB,512GB,8.1,"6.7""",203,4325,50.0,9.4,1354.0,1.0
Apple iPhone 14 Plus,6GB,512GB,8.0,"6.7""",203,4325,,,,
Apple iPhone 14 Plus,America,·,8.0,"6.7""",203,4325,,,,
Apple iPhone 14 Pro,6GB,128GB,8.5,"6.1""",206,3200,265.0,8.8,865.0,7.0
Apple iPhone 14 Pro,6GB,128GB,8.0,"6.1""",206,3200,,,,
Apple iPhone 14 Pro,6GB,1TB,8.5,"6.1""",206,3200,13.0,8.4,1073.0,5.0
Apple iPhone 14 Pro,6GB,1TB,8.1,"6.1""",206,3200,50.0,9.4,,
Apple iPhone 14 Pro,6GB,1TB,8.0,"6.1""",206,3200,,,,
Apple iPhone 14 Pro,6GB,256GB,8.4,"6.1""",206,3200,72.0,9.0,1099.0,5.0
Apple iPhone 14 Pro,6GB,256GB,8.0,"6.1""",206,3200,,,,
Apple iPhone 14 Pro,6GB,512GB,8.4,"6.1""",206,3200,35.0,9.1,1319.0,5.0
Apple iPhone 14 Pro,6GB,512GB,8.0,"6.1""",206,3200,,,,
Apple iPhone 14 Pro,America,·,8.1,"6.1""",206,3200,50.0,9.4,,
Apple iPhone 14 Pro,America,·,8.0,"6.1""",206,3200,,,,
Apple iPhone 14 Pro Max,6GB,128GB,8.8,"6.7""",240,4323,19.0,8.6,955.0,7.0
Apple iPhone 14 Pro Max,6GB,128GB,8.2,"6.7""",240,4323,68.0,8.7,,
Apple iPhone 14 Pro Max,6GB,128GB,8.2,"6.7""",240,4323,70.0,8.8,,
Apple iPhone 14 Pro Max,6GB,128GB,8.2,"6.7""",240,4323,30.0,9.3,,
Apple iPhone 14 Pro Max,6GB,1TB,8.7,"6.7""",240,4323,1.0,--,1381.0,4.0
Apple iPhone 14 Pro Max,6GB,1TB,8.4,"6.7""",240,4323,56.0,8.9,,
Apple iPhone 14 Pro Max,6GB,1TB,8.3,"6.7""",240,4323,21.0,9.0,,
Apple iPhone 14 Pro Max,6GB,1TB,8.3,"6.7""",240,4323,34.0,9.0,,
Apple iPhone 14 Pro Max,6GB,256GB,8.2,"6.7""",240,4323,25.0,6.2,,
Apple iPhone 14 Pro Max,6GB,256GB,8.8,"6.7""",240,4323,19.0,8.6,870.0,7.0
Apple iPhone 14 Pro Max,6GB,256GB,8.2,"6.7""",240,4323,91.0,8.8,,
Apple iPhone 14 Pro Max,6GB,256GB,8.2,"6.7""",240,4323,30.0,9.3,,
Apple iPhone 14 Pro Max,6GB,512GB,8.7,"6.7""",240,4323,1.0,--,1055.0,8.0
Apple iPhone 14 Pro Max,6GB,512GB,8.3,"6.7""",240,4323,43.0,8.5,,
Apple iPhone 14 Pro Max,6GB,512GB,8.2,"6.7""",240,4323,70.0,8.8,,
Apple iPhone 14 Pro Max,6GB,512GB,8.2,"6.7""",240,4323,91.0,8.8,,
Apple iPhone 14 Pro Max,America,·,8.3,"6.7""",240,4323,43.0,8.5,,
Apple iPhone 14 Pro Max,America,·,8.2,"6.7""",240,4323,12.0,8.7,,
Apple iPhone 14 Pro Max,America,·,8.4,"6.7""",240,4323,68.0,8.9,,
Apple iPhone 15,6GB,128GB,8.8,"6.1""",171,3877,1.0,--,695.0,21.0
Apple iPhone 15,6GB,128GB,8.8,"6.1""",171,3877,1.0,--,,
Apple iPhone 15,6GB,128GB,8.8,"6.1""",171,3877,8.0,8.8,708.0,2.0
Apple iPhone 15,6GB,256GB,8.7,"6.1""",171,3877,34.0,8.8,,
Apple iPhone 15,6GB,256GB,8.7,"6.1""",171,3877,13.0,8.9,805.0,16.0
Apple iPhone 15,6GB,256GB,8.1,"6.1""",171,3877,,,,
Apple iPhone 15,6GB,512GB,8.6,"6.1""",171,3877,72.0,9.0,990.0,15.0
Apple iPhone 15,6GB,512GB,8.1,"6.1""",171,3877,,,,
Apple iPhone 15,America,·,8.1,"6.1""",171,3877,,,,
Apple iPhone 15 Plus,6GB,128GB,8.8,"6.7""",201,4383,46.0,8.2,,
Apple iPhone 15 Plus,6GB,128GB,8.8,"6.7""",201,4383,45.0,8.6,782.0,19.0
Apple iPhone 15 Plus,6GB,128GB,8.2,"6.7""",201,4383,22.0,9.1,,
Apple iPhone 15 Plus,6GB,256GB,8.2,"6.7""",201,4383,22.0,9.1,,
Apple iPhone 15 Plus,6GB,256GB,8.8,"6.7""",201,4383,8.0,9.8,914.0,17.0
Apple iPhone 15 Plus,6GB,512GB,8.7,"6.7""",201,4383,54.0,9.0,1096.0,9.0
Apple iPhone 15 Plus,6GB,512GB,8.2,"6.7""",201,4383,22.0,9.1,,
Apple iPhone 15 Plus,6GB,512GB,8.5,"6.7""",201,4383,58.0,9.2,,
Apple iPhone 15 Plus,America,·,8.2,"6.7""",201,4383,1.0,--,,
Apple iPhone 15 Plus,America,·,8.3,"6.7""",201,4383,52.0,9.1,,
Apple iPhone 15 Plus,America,·,8.2,"6.7""",201,4383,13.0,9.2,,
Apple iPhone 15 Pro,8GB,128GB,8.8,"6.1""",187,3650,4.0,--,945.0,14.0
Apple iPhone 15 Pro,8GB,128GB,8.8,"6.1""",187,3650,15.0,9.1,,
Apple iPhone 15 Pro,8GB,128GB,8.2,"6.1""",187,3650,22.0,9.1,,
Apple iPhone 15 Pro,8GB,1TB,8.3,"6.1""",187,3650,2.0,--,,
Apple iPhone 15 Pro,8GB,1TB,8.3,"6.1""",187,3650,43.0,9.2,,
Apple iPhone 15 Pro,8GB,1TB,8.6,"6.1""",187,3650,8.0,9.7,1205.0,11.0
Apple iPhone 15 Pro,8GB,256GB,8.2,"6.1""",187,3650,4.0,--,,
Apple iPhone 15 Pro,8GB,256GB,8.2,"6.1""",187,3650,31.0,9.1,,
Apple iPhone 15 Pro,8GB,256GB,8.6,"6.1""",187,3650,11.0,9.3,1065.0,13.0
Apple iPhone 15 Pro,8GB,512GB,8.4,"6.1""",187,3650,46.0,8.7,,
Apple iPhone 15 Pro,8GB,512GB,8.2,"6.1""",187,3650,49.0,8.9,,
Apple iPhone 15 Pro,8GB,512GB,8.6,"6.1""",187,3650,8.0,9.7,1155.0,13.0
Apple iPhone 15 Pro,America,·,8.9,"6.1""",187,3650,1.0,--,,
Apple iPhone 15 Pro,America,·,8.3,"6.1""",187,3650,21.0,8.7,,
Apple iPhone 15 Pro,America,·,8.2,"6.1""",187,3650,22.0,9.1,,
Apple iPhone 15 Pro Max,8GB,1TB,8.6,"6.7""",221,4441,11.0,9.3,1305.0,9.0
Apple iPhone 15 Pro Max,8GB,1TB,8.4,"6.7""",221,4441,13.0,9.4,,
Apple iPhone 15 Pro Max,8GB,1TB,8.0,"6.7""",221,4441,,,1905.0,1.0
Apple iPhone 15 Pro Max,8GB,256GB,8.7,"6.7""",221,4441,20.0,8.3,1129.0,16.0
Apple iPhone 15 Pro Max,8GB,256GB,8.7,"6.7""",221,4441,54.0,9.0,,
Apple iPhone 15 Pro Max,8GB,256GB,8.6,"6.7""",221,4441,11.0,9.3,1737.0,1.0
Apple iPhone 15 Pro Max,8GB,512GB,8.4,"6.7""",221,4441,46.0,8.7,,
Apple iPhone 15 Pro Max,8GB,512GB,8.2,"6.7""",221,4441,21.0,8.7,1724.0,1.0
Apple iPhone 15 Pro Max,8GB,512GB,8.6,"6.7""",221,4441,8.0,9.7,1265.0,13.0
Apple iPhone 15 Pro Max,America,·,9.0,"6.7""",221,4441,1.0,--,,
Apple iPhone 15 Pro Max,America,·,8.4,"6.7""",221,4441,46.0,8.7,,
Apple iPhone 16,8GB,128GB,8.8,"6.1""",170,3561,31.0,9.1,811.0,19.0
Apple iPhone 16,8GB,128GB,8.7,"6.1""",170,3561,7.0,9.5,1079.0,1.0
Apple iPhone 16,8GB,128GB,8.1,"6.1""",170,3561,,,,
Apple iPhone 16,8GB,256GB,8.7,"6.1""",170,3561,1.0,--,899.0,18.0
Apple iPhone 16,8GB,256GB,8.5,"6.1""",170,3561,59.0,9.2,1189.0,1.0
Apple iPhone 16,8GB,256GB,8.1,"6.1""",170,3561,,,,
Apple iPhone 16,8GB,512GB,8.2,"6.1""",170,3561,19.0,9.2,,
Apple iPhone 16,8GB,512GB,8.6,"6.1""",170,3561,7.0,9.5,1125.0,15.0
Apple iPhone 16,8GB,512GB,8.1,"6.1""",170,3561,,,,
Apple iPhone 16,America,·,8.2,"6.1""",170,3561,23.0,8.9,,
Apple iPhone 16,America,·,8.1,"6.1""",170,3561,12.0,9.0,,
Apple iPhone 16,America,·,8.1,"6.1""",170,3561,,,,
Apple iPhone 16 Plus,8GB,128GB,8.4,"6.7""",199,4674,74.0,9.4,,
Apple iPhone 16 Plus,8GB,128GB,9.1,"6.7""",199,4674,32.0,9.5,938.0,17.0
Apple iPhone 16 Plus,8GB,128GB,8.7,"6.7""",199,4674,6.0,9.5,1242.0,1.0
Apple iPhone 16 Plus,8GB,256GB,8.4,"6.7""",199,4674,19.0,8.6,,
Apple iPhone 16 Plus,8GB,256GB,9.1,"6.7""",199,4674,18.0,8.9,849.0,18.0
Apple iPhone 16 Plus,8GB,256GB,8.6,"6.7""",199,4674,8.0,9.3,1381.0,1.0
Apple iPhone 16 Plus,8GB,512GB,8.4,"6.7""",199,4674,1.0,--,1613.0,1.0
Apple iPhone 16 Plus,8GB,512GB,8.9,"6.7""",199,4674,21.0,8.7,1241.0,13.0
Apple iPhone 16 Plus,8GB,512GB,8.5,"6.7""",199,4674,8.0,9.3,,
Apple iPhone 16 Plus,America,·,8.5,"6.7""",199,4674,3.0,--,,
Apple iPhone 16 Plus,America,·,8.4,"6.7""",199,4674,59.0,9.2,,
Apple iPhone 16 Pro,8GB,128GB,8.7,"6.3""",199,3582,20.0,8.6,1311.0,1.0
Apple iPhone 16 Pro,8GB,128GB,8.5,"6.3""",199,3582,5.0,9.0,,
Apple iPhone 16 Pro,8GB,128GB,8.9,"6.3""",199,3582,19.0,9.6,1095.0,17.0
Apple iPhone 16 Pro,8GB,1TB,8.6,"6.3""",199,3582,1.0,--,,
Apple iPhone 16 Pro,8GB,1TB,8.5,"6.3""",199,3582,3.0,--,1595.0,11.0
Apple iPhone 16 Pro,8GB,256GB,8.5,"6.3""",199,3582,33.0,9.0,,
Apple iPhone 16 Pro,8GB,256GB,8.6,"6.3""",199,3582,7.0,9.5,1405.0,1.0
Apple iPhone 16 Pro,8GB,256GB,8.9,"6.3""",199,3582,19.0,9.6,1205.0,17.0
Apple iPhone 16 Pro,8GB,512GB,8.5,"6.3""",199,3582,8.0,8.8,,
Apple iPhone 16 Pro,8GB,512GB,8.2,"6.3""",199,3582,23.0,9.3,1784.0,1.0
Apple iPhone 16 Pro,8GB,512GB,8.6,"6.3""",199,3582,7.0,9.7,1375.0,9.0
Apple iPhone 16 Pro,America,·,8.5,"6.3""",199,3582,3.0,--,,
Apple iPhone 16 Pro,America,·,8.8,"6.3""",199,3582,20.0,8.9,,
Apple iPhone 16 Pro,America,·,8.5,"6.3""",199,3582,30.0,8.9,,
Apple iPhone 16 Pro,America,·,8.6,"6.3""",199,3582,12.0,9.0,,
Apple iPhone 16 Pro Max,8GB,1TB,8.5,"6.9""",227,4685,12.0,8.6,1939.0,8.0
Apple iPhone 16 Pro Max,8GB,1TB,8.8,"6.9""",227,4685,22.0,9.1,,
Apple iPhone 16 Pro Max,8GB,256GB,8.5,"6.9""",227,4685,18.0,8.7,1642.0,1.0
Apple iPhone 16 Pro Max,8GB,256GB,8.7,"6.9""",227,4685,8.0,9.3,,
Apple iPhone 16 Pro Max,8GB,256GB,9.0,"6.9""",227,4685,32.0,9.5,1359.0,15.0
Apple iPhone 16 Pro Max,8GB,512GB,8.3,"6.9""",227,4685,49.0,8.9,1916.0,1.0
Apple iPhone 16 Pro Max,8GB,512GB,8.9,"6.9""",227,4685,8.0,9.3,1535.0,13.0
Apple iPhone 16 Pro Max,8GB,512GB,8.7,"6.9""",227,4685,16.0,9.4,,
Apple iPhone 16 Pro Max,America,·,8.8,"6.9""",227,4685,1.0,--,,
Apple iPhone 16 Pro Max,America,·,8.7,"6.9""",227,4685,14.0,9.5,,
Apple iPhone 16 Pro Max,America,·,8.7,"6.9""",227,4685,7.0,9.5,,
Asus ROG Phone 6,12GB,256GB,8.2,"6.8""",239,6000,10.0,8.6,729.0,4.0
Asus ROG Phone 6,16GB,512GB,8.4,"6.8""",239,6000,19.0,8.9,843.0,7.0
Asus ROG Phone 6 Batman Edition,12GB,256GB,8.2,"6.8""",247,6000,72.0,9.0,743.0,1.0
Asus ROG Phone 6 Batman Edition,America,·,8.3,"6.8""",247,6000,38.0,9.4,,
Asus ROG Phone 6D,12GB,256GB,8.3,"6.8""",239,6000,1.0,--,999.0,2.0
Asus ROG Phone 6D,12GB,256GB,8.3,"6.8""",239,6000,2.0,--,,
Asus ROG Phone 7,12GB,256GB,8.4,"6.8""",239,6000,70.0,8.5,769.0,3.0
Asus ROG Phone 7,16GB,512GB,8.4,"6.8""",239,6000,265.0,8.8,790.0,5.0
Asus ROG Phone 7,8GB,256GB,8.2,"6.8""",239,6000,17.0,9.6,,
Asus Rog Phone 8,12GB,256GB,8.8,"6.8""",225,5500,59.0,8.8,545.0,3.0
Asus Rog Phone 8,12GB,256GB,9.0,"6.8""",225,5500,13.0,9.2,789.0,5.0
Asus Rog Phone 8,16GB,256GB,8.8,"6.8""",225,5500,4.0,--,970.0,2.0
Asus Rog Phone 8,16GB,256GB,8.8,"6.8""",225,5500,59.0,8.8,585.0,2.0
Asus Rog Phone 8,America,·,9.0,"6.8""",225,5500,13.0,9.2,,
Asus Rog Phone 8 Pro,16GB,512GB,8.9,"6.8""",225,5500,86.0,8.9,1159.0,3.0
Asus Rog Phone 8 Pro,16GB,512GB,8.8,"6.8""",225,5500,44.0,9.6,741.0,2.0
Asus Rog Phone 8 Pro,24GB,1TB,8.1,"6.8""",225,5500,,,1798.0,1.0
Asus Rog Phone 8 Pro,24GB,1TB,8.1,"6.8""",225,5500,,,,
Asus Rog Phone 8 Pro,America,·,8.4,"6.8""",225,5500,3.0,--,,
Asus Rog Phone 8 Pro,America,·,8.3,"6.8""",225,5500,3.0,--,,
Asus Zenfone 10,16GB,256GB,8.3,"5.9""",172,4300,49.0,8.9,,
Asus Zenfone 10,16GB,512GB,8.4,"5.9""",172,4300,6.0,9.4,789.0,5.0
Asus Zenfone 10,8GB,128GB,8.3,"5.9""",172,4300,8.0,9.3,798.0,4.0
Asus Zenfone 10,8GB,256GB,8.3,"5.9""",172,4300,8.0,9.3,709.0,6.0
Asus Zenfone 10,America,·,8.3,"5.9""",172,4300,19.0,9.6,709.0,2.0
Asus Zenfone 11 Ultra,12GB,256GB,8.8,"6.8""",225,5500,6.0,8.0,909.0,6.0
Asus Zenfone 11 Ultra,16GB,512GB,8.8,"6.8""",225,5500,6.0,8.0,999.0,8.0
Asus Zenfone 11 Ultra,America,·,8.7,"6.8""",225,5500,1.0,--,,
Asus Zenfone 11 Ultra,America,·,8.2,"6.8""",225,5500,1.0,--,,
Asus Zenfone 9,16GB,256GB,8.1,"5.9""",165,4300,25.0,6.2,,
Asus Zenfone 9,8GB,128GB,8.1,"5.9""",165,4300,29.0,8.5,1180.0,1.0
Asus Zenfone 9,8GB,256GB,8.0,"5.9""",165,4300,,,947.0,2.0
Blackview BL8000,12GB,512GB,8.2,"6.8""",385,8800,3.0,--,284.0,9.0
Blackview BL9000,12GB,512GB,8.3,"6.8""",413,8800,2.0,--,322.0,10.0
Blackview BL9000 Pro,12GB,512GB,8.3,"6.8""",413,8800,14.0,9.7,440.0,10.0
Blackview BV9300 Pro,12GB,256GB,8.1,"6.7""",520,15080,,,204.0,8.0
Doogee S100 Pro,12GB,256GB,8.0,"6.6""",400,22000,,,399.0,1.0
Doogee V Max,12GB,256GB,8.4,"6.6""",543,22000,29.0,9.1,275.0,7.0
Doogee V Max,8GB,256GB,8.1,"6.6""",543,22000,,,579.0,1.0
Doogee V Max Plus,16GB,512GB,8.7,"6.6""",570,22000,56.0,8.1,359.0,8.0
Doogee V Max Pro,12GB,512GB,8.5,"6.6""",570,22000,31.0,9.1,364.0,5.0
Doogee V30,8GB,256GB,8.0,"6.6""",375,10800,,,289.0,4.0
Doogee V40 Pro,16GB,512GB,8.2,"6.8""",375,8680,1.0,--,364.0,5.0
Fossibot F102,12GB,256GB,8.1,"6.6""",495,16500,,,219.0,4.0
Google Pixel 5,8GB,128GB,8.0,"6""",151,4080,,,,
Google Pixel 6,8GB,128GB,8.2,"6.4""",207,4600,65.0,8.5,264.0,4.0
Google Pixel 6,8GB,128GB,8.1,"6.4""",207,4600,50.0,9.4,,
Google Pixel 6,8GB,256GB,8.2,"6.4""",207,4600,16.0,8.4,299.0,1.0
Google Pixel 6,8GB,256GB,8.1,"6.4""",207,4600,72.0,9.0,,
Google Pixel 6 Pro,12GB,128GB,8.6,"6.7""",210,5000,5.0,8.7,,
Google Pixel 6 Pro,12GB,128GB,8.7,"6.7""",210,5000,6.0,9.2,335.0,9.0
Google Pixel 6 Pro,12GB,256GB,8.4,"6.7""",210,5000,9.0,9.3,,
Google Pixel 6 Pro,12GB,256GB,8.7,"6.7""",210,5000,14.0,9.7,374.0,2.0
Google Pixel 7,8GB,128GB,8.3,"6.3""",197,4355,1.0,--,310.0,12.0
Google Pixel 7,8GB,256GB,8.3,"6.3""",197,4355,2.0,--,415.0,9.0
Google Pixel 7,America,·,8.3,"6.3""",197,4355,2.0,--,405.0,1.0
Google Pixel 7 Pro,12GB,128GB,8.8,"6.7""",212,5000,21.0,8.7,375.0,10.0
Google Pixel 7 Pro,12GB,128GB,8.8,"6.7""",212,5000,20.0,8.9,485.0,2.0
Google Pixel 7 Pro,12GB,256GB,8.8,"6.7""",212,5000,24.0,8.8,524.0,3.0
Google Pixel 7 Pro,12GB,256GB,8.0,"6.7""",212,5000,,,,
Google Pixel 7 Pro,12GB,512GB,8.0,"6.7""",212,5000,,,,
Google Pixel 7 Pro,America,·,8.8,"6.7""",212,5000,24.0,8.8,,
Google Pixel 7 Pro,America,·,8.8,"6.7""",212,5000,20.0,8.9,,
Google Pixel 7 Pro,America,·,8.9,"6.7""",212,5000,8.0,9.0,999.0,1.0
Google Pixel 7a,8GB,128GB,8.1,"6.1""",193,4385,,,329.0,14.0
Google Pixel 7a,America,·,8.1,"6.1""",193,4385,,,,
Google Pixel 8,8GB,128GB,8.6,"6.2""",187,4575,22.0,9.2,433.0,14.0
Google Pixel 8,8GB,128GB,8.6,"6.2""",187,4575,9.0,9.3,414.0,1.0
Google Pixel 8,8GB,256GB,8.5,"6.2""",187,4575,21.0,9.0,499.0,12.0
Google Pixel 8,America,·,8.5,"6.2""",187,4575,56.0,8.1,,
Google Pixel 8,America,·,8.5,"6.2""",187,4575,68.0,8.7,,
Google Pixel 8 Pro,12GB,128GB,8.9,"6.7""",213,5050,4.0,--,583.0,15.0
Google Pixel 8 Pro,12GB,128GB,8.1,"6.7""",213,5050,,,,
Google Pixel 8 Pro,12GB,1TB,8.2,"6.7""",213,5050,3.0,--,,
Google Pixel 8 Pro,12GB,256GB,8.9,"6.7""",213,5050,77.0,9.1,686.0,10.0
Google Pixel 8 Pro,12GB,256GB,8.1,"6.7""",213,5050,,,,
Google Pixel 8 Pro,12GB,512GB,8.2,"6.7""",213,5050,3.0,--,,
Google Pixel 8 Pro,12GB,512GB,8.8,"6.7""",213,5050,15.0,9.1,829.0,6.0
Google Pixel 8 Pro,America,·,8.9,"6.7""",213,5050,1.0,--,708.0,1.0
Google Pixel 8 Pro,America,·,8.8,"6.7""",213,5050,34.0,8.8,759.0,1.0
Google Pixel 8 Pro,America,·,8.3,"6.7""",213,5050,7.0,8.9,,
Google Pixel 8a,8GB,128GB,8.2,"6.1""",188,4500,24.0,8.8,457.0,1.0
Google Pixel 8a,8GB,128GB,8.2,"6.1""",188,4500,25.0,9.6,399.0,14.0
Google Pixel 8a,8GB,256GB,8.2,"6.1""",188,4500,25.0,9.6,459.0,10.0
Google Pixel 8a,America,·,8.2,"6.1""",188,4500,14.0,9.7,,
Google Pixel 9,12GB,128GB,8.5,"6.3""",198,4700,1.0,--,685.0,13.0
Google Pixel 9,12GB,128GB,8.5,"6.3""",198,4700,12.0,8.6,653.0,1.0
Google Pixel 9,12GB,256GB,8.4,"6.3""",198,4700,14.0,9.7,811.0,11.0
Google Pixel 9,12GB,256GB,8.4,"6.3""",198,4700,14.0,9.7,839.0,1.0
Google Pixel 9,America,·,8.5,"6.3""",198,4700,12.0,8.6,,
Google Pixel 9 Pro,16GB,128GB,8.6,"6.3""",199,4700,4.0,--,950.0,7.0
Google Pixel 9 Pro,16GB,128GB,8.1,"6.3""",199,4700,,,1427.0,1.0
Google Pixel 9 Pro,16GB,1TB,8.1,"6.3""",199,4700,,,,
Google Pixel 9 Pro,16GB,256GB,8.5,"6.3""",199,4700,1.0,--,1038.0,8.0
Google Pixel 9 Pro,16GB,512GB,8.4,"6.3""",199,4700,59.0,9.2,1165.0,6.0
Google Pixel 9 Pro,16GB,512GB,8.1,"6.3""",199,4700,,,,
Google Pixel 9 Pro,America,·,8.2,"6.3""",199,4700,2.0,--,,
Google Pixel 9 Pro,America,·,8.1,"6.3""",199,4700,,,,
Google Pixel 9 Pro XL,16GB,128GB,8.8,"6.8""",221,5060,31.0,9.1,891.0,12.0
Google Pixel 9 Pro XL,16GB,128GB,8.1,"6.8""",221,5060,,,,
Google Pixel 9 Pro XL,16GB,1TB,8.4,"6.8""",221,5060,59.0,9.2,1587.0,6.0
Google Pixel 9 Pro XL,16GB,256GB,8.7,"6.8""",221,5060,14.0,8.8,1043.0,11.0
Google Pixel 9 Pro XL,16GB,256GB,8.2,"6.8""",221,5060,34.0,9.0,,
Google Pixel 9 Pro XL,16GB,512GB,8.7,"6.8""",221,5060,14.0,8.8,1194.0,7.0
Google Pixel 9 Pro XL,16GB,512GB,8.2,"6.8""",221,5060,50.0,9.4,,
Google Pixel 9 Pro XL,America,·,8.2,"6.8""",221,5060,4.0,--,,
Google Pixel 9 Pro XL,America,·,8.3,"6.8""",221,5060,5.0,8.8,,
Google Pixel 9 Pro XL,America,·,8.6,"6.8""",221,5060,12.0,9.0,,
Google Pixel 9 Pro XL,America,·,8.2,"6.8""",221,5060,8.0,9.8,,
HMD Skyline,12GB,256GB,8.3,"6.6""",209,4600,128.0,8.4,347.0,1.0
HMD Skyline,8GB,256GB,8.2,"6.6""",209,4600,46.0,8.7,710.0,1.0
HUAWEI Pura 70,12GB,256GB,8.3,"6.6""",207,4900,43.0,9.2,759.0,6.0
HUAWEI Pura 70,12GB,256GB,8.3,"6.6""",207,4900,9.0,9.4,847.0,2.0
HUAWEI Pura 70 Pro,12GB,1TB,8.1,"6.8""",220,5050,,,1213.0,2.0
HUAWEI Pura 70 Pro,12GB,256GB,8.2,"6.8""",220,5050,,,927.0,2.0
HUAWEI Pura 70 Pro,12GB,512GB,8.4,"6.8""",220,5050,5.0,9.3,999.0,4.0
HUAWEI Pura 70 Pro,12GB,512GB,8.1,"6.8""",220,5050,,,934.0,4.0
HUAWEI Pura 70 Pro+,16GB,512GB,8.1,"6.8""",220,5050,,,1088.0,3.0
HUAWEI Pura 70 Ultra,16GB,1TB,8.4,"6.8""",226,5200,5.0,9.3,1513.0,2.0
HUAWEI Pura 70 Ultra,16GB,512GB,8.2,"6.8""",226,5200,3.0,--,1311.0,3.0
HUAWEI Pura 70 Ultra,16GB,512GB,8.3,"6.8""",226,5200,43.0,9.2,1229.0,7.0
Honor 100,12GB,256GB,8.3,"6.7""",183,5000,3.0,--,394.0,2.0
Honor 100,16GB,256GB,8.3,"6.7""",183,5000,3.0,--,515.0,1.0
Honor 100,16GB,512GB,8.3,"6.7""",183,5000,3.0,--,561.0,1.0
Honor 100 Pro,12GB,256GB,8.4,"6.8""",195,5000,8.0,9.3,551.0,2.0
Honor 100 Pro,16GB,1TB,8.4,"6.8""",195,5000,19.0,9.6,826.0,1.0
Honor 100 Pro,16GB,256GB,8.4,"6.8""",195,5000,19.0,9.6,690.0,1.0
Honor 100 Pro,16GB,512GB,8.4,"6.8""",195,5000,19.0,9.6,731.0,1.0
Honor 200,12GB,256GB,8.2,"6.7""",187,5200,10.0,8.6,483.0,2.0
Honor 200,12GB,256GB,8.6,"6.7""",187,5200,5.0,9.1,282.0,4.0
Honor 200,12GB,512GB,8.2,"6.7""",187,5200,8.0,8.6,610.0,1.0
Honor 200,12GB,512GB,8.7,"6.7""",187,5200,44.0,9.6,343.0,11.0
Honor 200,16GB,256GB,8.2,"6.7""",187,5200,3.0,--,606.0,1.0
Honor 200,16GB,512GB,8.1,"6.7""",187,5200,,,633.0,1.0
Honor 200,8GB,256GB,8.6,"6.7""",187,5200,5.0,9.1,330.0,2.0
Honor 200,8GB,256GB,8.1,"6.7""",187,5200,,,418.0,2.0
Honor 200 Pro,12GB,256GB,8.4,"6.8""",199,5200,1.0,--,562.0,2.0
Honor 200 Pro,12GB,512GB,9.1,"6.8""",199,5200,66.0,9.1,483.0,13.0
Honor 200 Pro,12GB,512GB,8.4,"6.8""",199,5200,5.0,9.3,722.0,1.0
Honor 200 Pro,16GB,1TB,8.4,"6.8""",199,5200,41.0,8.9,860.0,1.0
Honor 200 Pro,16GB,512GB,8.4,"6.8""",199,5200,5.0,9.2,744.0,1.0
Honor 50,6GB,128GB,8.1,"6.6""",175,4300,9.0,9.1,193.0,3.0
Honor 50,8GB,128GB,8.1,"6.6""",175,4300,13.0,9.1,212.0,1.0
Honor 50,8GB,256GB,8.1,"6.6""",175,4300,9.0,9.1,207.0,1.0
Honor 70,8GB,128GB,8.1,"6.7""",178,4800,50.0,9.4,253.0,4.0
Honor 70,8GB,256GB,8.1,"6.7""",178,4800,50.0,9.4,238.0,9.0
Honor 70 Pro+,12GB,256GB,8.1,"6.8""",192,4500,44.0,9.6,813.0,2.0
Honor 70 Pro+,8GB,256GB,8.1,"6.8""",192,4500,42.0,9.2,756.0,2.0
Honor 90,12GB,256GB,8.2,"6.7""",183,5000,4.0,--,444.0,2.0
Honor 90,8GB,256GB,8.3,"6.7""",183,5000,8.0,9.3,,
Honor 90 5G,12GB,256GB,8.5,"6.7""",183,5000,24.0,8.8,236.0,4.0
Honor 90 5G,12GB,512GB,8.6,"6.7""",183,5000,46.0,8.2,249.0,15.0
Honor 90 5G,8GB,256GB,8.5,"6.7""",183,5000,32.0,9.0,259.0,11.0
Honor 90 GT,12GB,256GB,8.5,"6.7""",185,5000,6.0,9.6,416.0,2.0
Honor 90 GT,16GB,256GB,8.5,"6.7""",185,5000,10.0,7.9,548.0,1.0
Honor 90 GT,16GB,512GB,8.5,"6.7""",185,5000,6.0,9.5,614.0,1.0
Honor 90 GT,24GB,1TB,8.5,"6.7""",185,5000,6.0,9.5,713.0,1.0
Honor 90 Pro,12GB,256GB,8.3,"6.8""",192,5000,8.0,9.3,586.0,2.0
Honor 90 Pro,16GB,256GB,8.3,"6.8""",192,5000,8.0,9.3,612.0,2.0
Honor 90 Pro,16GB,512GB,8.3,"6.8""",192,5000,8.0,9.3,646.0,2.0
Honor Magic V Flip,12GB,1TB,8.2,"6.8""",193,4800,3.0,--,863.0,4.0
Honor Magic V Flip,12GB,256GB,8.2,"6.8""",193,4800,1.0,--,753.0,3.0
Honor Magic V Flip,12GB,512GB,8.2,"6.8""",193,4800,4.0,--,793.0,4.0
Honor Magic V3,12GB,256GB,8.2,"6.4""",226,5150,77.0,9.1,1363.0,2.0
Honor Magic V3,12GB,512GB,8.3,"6.4""",226,5150,50.0,9.4,1438.0,8.0
Honor Magic Vs3,12GB,256GB,8.3,"6.4""",229,5000,13.0,8.9,1151.0,2.0
Honor Magic Vs3,12GB,512GB,8.2,"6.4""",229,5000,77.0,9.1,1232.0,1.0
Honor Magic Vs3,16GB,1TB,8.2,"6.4""",229,5000,77.0,9.1,1376.0,2.0
Honor Magic Vs3,16GB,512GB,8.2,"6.4""",229,5000,46.0,8.7,1299.0,1.0
Honor Magic4,12GB,256GB,8.3,"6.8""",199,4800,32.0,8.9,797.0,2.0
Honor Magic4,12GB,512GB,8.2,"6.8""",199,4800,12.0,9.4,935.0,2.0
Honor Magic4,8GB,256GB,8.2,"6.8""",199,4800,38.0,9.4,763.0,2.0
Honor Magic4 Pro,12GB,256GB,8.1,"6.8""",215,4600,30.0,9.3,999.0,2.0
Honor Magic4 Pro,12GB,512GB,8.1,"6.8""",215,4600,30.0,9.3,1109.0,2.0
Honor Magic4 Pro,8GB,256GB,8.6,"6.8""",215,4600,1.0,--,991.0,2.0
Honor Magic4 Pro,8GB,256GB,8.2,"6.8""",215,4600,12.0,9.4,846.0,2.0
Honor Magic4 Pro,8GB,256GB,8.0,"6.8""",215,4600,,,,
Honor Magic4 Pro Ultimate,12GB,512GB,8.0,"6.8""",215,4600,,,1276.0,2.0
Honor Magic5,12GB,256GB,8.0,"6.7""",187,5100,,,692.0,2.0
Honor Magic5,16GB,512GB,8.1,"6.7""",187,5100,,,781.0,2.0
Honor Magic5,8GB,256GB,8.0,"6.7""",187,5100,,,629.0,2.0
Honor Magic5 Pro,12GB,128GB,8.2,"6.8""",219,5100,1.0,--,,
Honor Magic5 Pro,12GB,256GB,8.6,"6.8""",219,5100,32.0,9.0,882.0,2.0
Honor Magic5 Pro,12GB,512GB,9.1,"6.8""",219,5100,19.0,8.6,639.0,4.0
Honor Magic5 Pro,16GB,512GB,8.7,"6.8""",219,5100,8.0,8.8,949.0,2.0
Honor Magic5 Pro,16GB,512GB,8.3,"6.8""",219,5100,124.0,9.5,,
Honor Magic5 Pro,8GB,256GB,8.6,"6.8""",219,5100,22.0,9.2,811.0,2.0
Honor Magic5 Pro,8GB,256GB,8.1,"6.8""",219,5100,,,,
Honor Magic5 Ultimate,16GB,512GB,8.6,"6.8""",217,5450,5.0,8.7,1050.0,2.0
Honor Magic6,12GB,256GB,9.1,"6.8""",206,5450,5.0,9.8,662.0,2.0
Honor Magic6,16GB,256GB,9.1,"6.8""",206,5450,5.0,9.8,812.0,1.0
Honor Magic6,16GB,512GB,9.0,"6.8""",206,5450,21.0,8.7,849.0,1.0
Honor Magic6 Pro,12GB,256GB,9.6,"6.8""",229,5600,20.0,9.8,683.0,4.0
Honor Magic6 Pro,12GB,512GB,10.0,"6.8""",229,5600,20.0,9.8,657.0,15.0
Honor Magic6 Pro,16GB,1TB,9.7,"6.8""",229,5600,2.0,--,813.0,3.0
Honor Magic6 Pro,16GB,1TB,10.0,"6.8""",229,5600,20.0,9.8,989.0,2.0
Honor Magic6 Pro,16GB,512GB,9.6,"6.8""",229,5600,2.0,--,763.0,3.0
Honor Magic6 RSR,24GB,1TB,8.7,"6.8""",237,5600,177.0,9.1,1569.0,2.0
Honor Magic6 Ultimate,16GB,1TB,9.3,"6.8""",227,5600,9.0,9.1,983.0,2.0
Honor Magic6 Ultimate,16GB,512GB,9.4,"6.8""",227,5600,17.0,9.7,893.0,3.0
Honor Magic7,12GB,256GB,9.5,"6.8""",199,5650,2.0,--,743.0,3.0
Honor Magic7,12GB,512GB,9.5,"6.8""",199,5650,2.0,--,803.0,3.0
Honor Magic7,16GB,1TB,9.3,"6.8""",199,5650,74.0,9.4,923.0,3.0
Honor Magic7,16GB,512GB,9.5,"6.8""",199,5650,1.0,--,823.0,3.0
Honor Magic7 Pro,12GB,256GB,9.7,"6.8""",223,5850,2.0,--,951.0,4.0
Honor Magic7 Pro,16GB,1TB,9.5,"6.8""",223,5850,1.0,--,1100.0,4.0
Honor Magic7 Pro,16GB,512GB,9.7,"6.8""",223,5850,20.0,9.8,1023.0,4.0
Huawei Mate 30 Pro,8GB,256GB,8.0,"6.5""",198,4500,,,359.0,5.0
Huawei Mate 40 Pro,8GB,256GB,8.2,"6.8""",212,4400,38.0,8.9,599.0,2.0
Huawei Mate 50 Pro,8GB,256GB,8.3,"6.7""",205,4700,3.0,--,869.0,1.0
Huawei Mate 50 Pro,8GB,512GB,8.1,"6.7""",205,4700,11.0,8.0,,
Huawei Mate 50 Pro,8GB,512GB,8.2,"6.7""",205,4700,10.0,8.6,739.0,3.0
Huawei Mate 60 Pro,12GB,1TB,8.2,"6.8""",225,5000,8.0,8.7,1091.0,2.0
Huawei Mate 60 Pro,12GB,512GB,8.3,"6.8""",225,5000,52.0,9.1,923.0,3.0
Huawei Mate 60 Pro+,16GB,1TB,8.1,"6.8""",225,5000,,,1315.0,2.0
Huawei Mate 60 Pro+,16GB,512GB,8.2,"6.8""",225,5000,9.0,9.4,1100.0,3.0
Huawei P40 Pro,8GB,256GB,8.2,"6.6""",209,4200,3.0,--,384.0,6.0
Huawei P40 Pro,America,·,8.2,"6.6""",209,4200,51.0,9.1,,
Huawei P40 Pro+,8GB,512GB,8.0,"6.6""",226,4200,,,869.0,2.0
Huawei P50 Pro,8GB,256GB,8.1,"6.6""",195,4360,30.0,9.3,379.0,5.0
Huawei P60 Pro,12GB,512GB,8.1,"6.7""",200,4815,,,1017.0,2.0
Huawei P60 Pro,8GB,256GB,8.3,"6.7""",200,4815,1.0,--,979.0,1.0
Infinix GT 20 Pro,12GB,256GB,8.6,"6.8""",194,5000,12.0,8.7,266.0,2.0
Infinix GT 20 Pro,8GB,256GB,8.5,"6.8""",194,5000,59.0,8.8,295.0,1.0
Infinix Note 40 5G,12GB,512GB,8.4,"6.8""",185,5000,66.0,9.1,345.0,1.0
Infinix Note 40 5G,8GB,256GB,8.3,"6.8""",185,5000,24.0,8.5,,
Infinix Note 40 Pro,8GB,256GB,8.0,"6.8""",190,5000,,,164.0,2.0
Infinix Note 40 Pro 5G,8GB,256GB,8.2,"6.8""",190,5000,14.0,9.4,399.0,1.0
Infinix Zero 40,12GB,256GB,8.5,"6.8""",195,5000,12.0,8.6,569.0,1.0
Infinix Zero Flip 5G,12GB,512GB,8.2,"6.9""",195,4720,157.0,9.1,974.0,1.0
Meizu 20,12GB,128GB,8.5,"6.6""",190,4700,1.0,--,,
Meizu 20 Infinity,12GB,256GB,8.3,"6.8""",215,4800,5.0,9.0,,
Meizu 20 Infinity,12GB,512GB,8.0,"6.8""",215,4800,,,,
Meizu 20 Infinity,16GB,1TB,8.1,"6.8""",215,4800,,,,
Meizu 20 Pro,12GB,128GB,8.6,"6.8""",209,5000,26.0,9.1,,
Meizu 20 Pro,12GB,256GB,8.0,"6.8""",209,5000,,,,
Meizu 20 Pro,12GB,512GB,8.0,"6.8""",209,5000,,,,
Meizu 21,12GB,256GB,8.7,"6.6""",198,4800,58.0,9.4,523.0,1.0
Meizu 21,12GB,512GB,8.7,"6.6""",198,4800,3.0,--,603.0,1.0
Meizu 21,8GB,256GB,8.8,"6.6""",198,4800,72.0,9.0,423.0,1.0
Meizu 21 Note,8GB,256GB,9.0,"6.8""",205,5500,124.0,9.5,159.0,2.0
Meizu 21 Pro,12GB,256GB,8.9,"6.8""",208,5050,13.0,9.2,623.0,1.0
Meizu 21 Pro,16GB,1TB,8.8,"6.8""",208,5050,6.0,8.0,813.0,1.0
Meizu 21 Pro,16GB,512GB,8.9,"6.8""",208,5050,29.0,8.9,723.0,1.0
Motorola Edge (2024),America,·,8.5,"6.6""",174,5000,58.0,9.4,,
Motorola Edge 30,6GB,256GB,8.1,"6.5""",155,4020,,,217.0,1.0
Motorola Edge 30,8GB,128GB,8.2,"6.5""",155,4020,1.0,--,189.0,8.0
Motorola Edge 30,8GB,256GB,8.2,"6.5""",155,4020,1.0,--,175.0,6.0
Motorola Edge 30 Fusion,12GB,256GB,8.4,"6.6""",175,4400,9.0,9.2,,
Motorola Edge 30 Fusion,8GB,128GB,8.4,"6.6""",175,4400,56.0,8.9,282.0,7.0
Motorola Edge 30 Fusion,8GB,256GB,8.3,"6.6""",175,4400,124.0,9.5,,
Motorola Edge 30 Pro,12GB,256GB,8.6,"6.7""",196,4800,25.0,9.6,395.0,3.0
Motorola Edge 30 Ultra,12GB,256GB,8.9,"6.7""",195,4610,8.0,9.6,679.0,3.0
Motorola Edge 30 Ultra,8GB,128GB,8.0,"6.7""",195,4610,,,,
Motorola Edge 40,8GB,256GB,8.4,"6.6""",167,4400,86.0,8.9,294.0,7.0
Motorola Edge 40 Neo,12GB,256GB,8.4,"6.6""",170,5000,15.0,9.1,240.0,10.0
Motorola Edge 40 Neo,8GB,256GB,8.3,"6.6""",170,5000,7.0,8.9,,
Motorola Edge 40 Pro,12GB,256GB,8.8,"6.7""",199,4600,8.0,8.8,769.0,5.0
Motorola Edge 40 Pro,12GB,512GB,8.1,"6.7""",199,4600,,,,
Motorola Edge 50,12GB,256GB,8.4,"6.7""",180,5000,4.0,--,,
Motorola Edge 50,12GB,512GB,8.6,"6.7""",180,5000,7.0,9.7,409.0,7.0
Motorola Edge 50 Fusion,12GB,256GB,8.5,"6.7""",175,5000,124.0,9.5,299.0,14.0
Motorola Edge 50 Fusion,12GB,512GB,8.5,"6.7""",175,5000,86.0,8.9,338.0,7.0
Motorola Edge 50 Fusion,8GB,256GB,8.4,"6.7""",175,5000,1.0,--,,
Motorola Edge 50 Fusion,8GB,256GB,8.5,"6.7""",175,5000,58.0,9.4,259.0,8.0
Motorola Edge 50 Neo,12GB,512GB,8.3,"6.4""",171,4310,72.0,9.0,399.0,9.0
Motorola Edge 50 Neo,8GB,256GB,8.2,"6.4""",171,4310,17.0,8.2,428.0,3.0
Motorola Edge 50 Pro,12GB,256GB,8.4,"6.7""",186,4500,7.0,9.4,448.0,2.0
Motorola Edge 50 Pro,12GB,512GB,8.4,"6.7""",186,4500,1.0,--,431.0,11.0
Motorola Edge 50 Pro,16GB,1TB,8.3,"6.7""",186,4500,9.0,9.4,829.0,1.0
Motorola Edge 50 Ultra,12GB,512GB,8.9,"6.7""",197,4500,4.0,--,914.0,1.0
Motorola Edge 50 Ultra,16GB,1TB,9.1,"6.7""",197,4500,124.0,9.5,665.0,11.0
Motorola Edge X30,12GB,256GB,8.2,"6.7""",195,5000,15.0,9.3,,
Motorola Edge+,12GB,256GB,8.4,"6.7""",203,5000,34.0,8.8,,
Motorola Edge+,12GB,256GB,8.2,"6.7""",203,5000,124.0,9.5,,
Motorola Edge+ (2023),America,·,8.2,"6.7""",203,5100,13.0,9.4,,
Motorola Edge+ 2022,America,·,8.8,"6.7""",196,4800,25.0,9.6,,
Motorola G85,12GB,256GB,8.1,"6.7""",171,5000,,,212.0,12.0
Motorola G85,8GB,256GB,8.1,"6.7""",171,5000,,,233.0,4.0
Motorola Moto Edge 20,8GB,128GB,8.0,"6.7""",163,4020,,,254.0,7.0
Motorola Moto Edge 20,8GB,256GB,8.0,"6.7""",163,4020,,,259.0,1.0
Motorola Moto Edge 20 Pro,12GB,256GB,8.0,"6.7""",185,4500,,,325.0,6.0
Motorola Moto G Stylus 5G 2023,America,·,8.0,"6.6""",202,5000,,,,
Motorola Moto G75,8GB,256GB,8.1,"6.8""",205,5000,,,,
Motorola Moto S50,12GB,256GB,8.2,"6.4""",171,4310,72.0,9.0,,
Motorola Moto X50 Ultra,12GB,256GB,8.7,"6.7""",197,4500,16.0,8.6,583.0,2.0
Motorola Moto X50 Ultra,12GB,512GB,8.7,"6.7""",197,4500,50.0,9.4,623.0,2.0
Motorola Moto X50 Ultra,16GB,1TB,8.8,"6.7""",197,4500,43.0,8.5,673.0,2.0
Motorola Razr 2022,8GB,256GB,8.0,"6.7""",200,3500,,,549.0,3.0
Motorola Razr 50 Ultra,12GB,256GB,8.1,"6.9""",188,4000,,,803.0,3.0
Motorola Razr 50 Ultra,12GB,512GB,8.2,"6.9""",188,4000,19.0,8.9,941.0,10.0
Motorola Razr 50 Ultra,12GB,512GB,8.1,"6.9""",188,4000,,,853.0,4.0
Motorola Razr+,America,·,8.0,"6.9""",188,3800,,,,
Motorola ThinkPhone,8GB,256GB,8.7,"6.6""",189,5000,2.0,--,469.0,8.0
Motorola X30 Pro,12GB,256GB,8.7,"6.7""",195,4610,6.0,9.5,,
Motorola X30 Pro,12GB,512GB,8.0,"6.7""",195,4610,,,,
Motorola X40,12GB,256GB,8.8,"6.7""",199,4600,8.0,9.6,543.0,1.0
Motorola X40,12GB,512GB,8.0,"6.7""",199,4600,,,,
Motorola X40,8GB,128GB,8.7,"6.7""",199,4600,1.0,--,,
Nothing Phone (1),12GB,256GB,8.1,"6.6""",194,4500,15.0,8.6,280.0,3.0
Nothing Phone (1),8GB,128GB,8.1,"6.6""",194,4500,30.0,9.3,217.0,3.0
Nothing Phone (1),8GB,256GB,8.1,"6.6""",194,4500,19.0,9.2,251.0,6.0
Nothing Phone (2),12GB,256GB,8.5,"6.7""",201,4700,43.0,8.5,459.0,12.0
Nothing Phone (2),12GB,512GB,8.4,"6.7""",201,4700,49.0,8.3,561.0,12.0
Nothing Phone (2),8GB,128GB,8.4,"6.7""",201,4700,70.0,9.0,609.0,3.0
Nothing Phone (2a),12GB,256GB,8.4,"6.7""",190,5000,3.0,--,285.0,14.0
Nothing Phone (2a),8GB,128GB,8.4,"6.7""",190,5000,2.0,--,235.0,14.0
Nothing Phone (2a) Plus,12GB,256GB,8.5,"6.7""",190,5000,1.0,--,387.0,14.0
Nubia Red Magic 8 Pro,16GB,512GB,8.7,"6.8""",228,6000,1.0,--,,
Nubia Red Magic 8 Pro,8GB,128GB,8.4,"6.8""",228,6000,1.0,--,,
Nubia Red Magic 8 Pro+,12GB,256GB,8.3,"6.8""",228,5000,49.0,8.9,,
Nubia Red Magic 8 Pro+,16GB,512GB,8.3,"6.8""",228,5000,72.0,9.3,,
Nubia Red Magic 8S Pro,12GB,256GB,8.6,"6.8""",228,6000,46.0,8.2,727.0,2.0
Nubia Red Magic 8S Pro,12GB,256GB,8.6,"6.8""",228,6000,24.0,8.8,723.0,1.0
Nubia Red Magic 8S Pro,16GB,512GB,8.4,"6.8""",228,6000,124.0,9.5,913.0,1.0
Nubia Red Magic 8S Pro,8GB,128GB,8.5,"6.8""",228,6000,12.0,8.7,673.0,1.0
Nubia Red Magic 8S Pro+,16GB,1TB,8.3,"6.8""",230,5000,19.0,9.6,1063.0,1.0
Nubia Red Magic 8S Pro+,16GB,256GB,8.3,"6.8""",230,5000,19.0,9.6,853.0,1.0
Nubia Red Magic 9 Pro,12GB,256GB,8.8,"6.8""",229,6500,72.0,9.1,703.0,2.0
Nubia Red Magic 9 Pro,12GB,256GB,9.0,"6.8""",229,6500,124.0,9.5,689.0,7.0
Nubia Red Magic 9 Pro,12GB,512GB,8.9,"6.8""",229,6500,49.0,9.0,740.0,2.0
Nubia Red Magic 9 Pro,12GB,512GB,8.7,"6.8""",229,6500,10.0,9.1,793.0,2.0
Nubia Red Magic 9 Pro,16GB,512GB,8.9,"6.8""",229,6500,20.0,8.3,750.0,4.0
Nubia Red Magic 9 Pro,8GB,256GB,8.8,"6.8""",229,6500,3.0,--,,
Nubia Red Magic 9 Pro+,16GB,256GB,8.5,"6.8""",228,5500,36.0,9.0,843.0,2.0
Nubia Red Magic 9 Pro+,16GB,512GB,8.6,"6.8""",228,5500,30.0,9.3,759.0,3.0
Nubia Red Magic 9 Pro+,24GB,1TB,8.4,"6.8""",228,5500,11.0,8.1,1113.0,2.0
Nubia Red Magic 9S Pro,12GB,256GB,9.1,"6.8""",229,6500,1.0,--,777.0,2.0
Nubia Red Magic 9S Pro,12GB,256GB,9.3,"6.8""",229,6500,8.0,9.6,610.0,6.0
Nubia Red Magic 9S Pro,12GB,512GB,9.0,"6.8""",229,6500,58.0,9.2,833.0,2.0
Nubia Red Magic 9S Pro,16GB,512GB,9.2,"6.8""",229,6500,1.0,--,760.0,4.0
Nubia Red Magic 9S Pro+,16GB,512GB,8.7,"6.8""",229,5500,31.0,9.1,940.0,2.0
Nubia Red Magic 9S Pro+,24GB,1TB,8.5,"6.8""",229,5500,7.0,9.3,1218.0,1.0
Nubia RedMagic 7,16GB,256GB,8.1,"6.8""",215,4500,30.0,9.3,559.0,2.0
Nubia RedMagic 7,18GB,256GB,8.1,"6.8""",215,4500,30.0,9.3,,
Nubia Z50,12GB,256GB,8.6,"6.7""",199,5000,10.0,8.6,592.0,1.0
Nubia Z50s Pro,12GB,1TB,8.9,"6.8""",228,5100,1.0,--,,
Nubia Z50s Pro,12GB,1TB,8.7,"6.8""",228,5100,4.0,--,541.0,1.0
Nubia Z50s Pro,12GB,256GB,8.6,"6.8""",228,5100,68.0,8.7,492.0,2.0
Nubia Z50s Pro,12GB,256GB,8.9,"6.8""",228,5100,8.0,8.8,,
Nubia Z50s Pro,16GB,1TB,9.0,"6.8""",228,5100,1.0,--,,
Nubia Z50s Pro,16GB,1TB,8.7,"6.8""",228,5100,1.0,--,546.0,1.0
OnePlus 10 Pro,12GB,256GB,8.5,"6.7""",200,5000,1.0,--,,
OnePlus 10 Pro,12GB,256GB,8.8,"6.7""",200,5000,25.0,9.6,464.0,9.0
OnePlus 10 Pro,8GB,128GB,8.8,"6.7""",200,5000,1.0,--,379.0,4.0
OnePlus 10 Pro,8GB,256GB,8.5,"6.7""",200,5000,1.0,--,,
OnePlus 10 Pro,America,·,8.7,"6.7""",200,5000,2.0,--,,
OnePlus 10 Pro,America,·,8.7,"6.7""",200,5000,14.0,9.7,,
OnePlus 10T,16GB,256GB,8.6,"6.7""",203,4800,1.0,--,649.0,3.0
OnePlus 10T,8GB,128GB,8.5,"6.7""",203,4800,1.0,--,349.0,4.0
OnePlus 10T,America,·,8.5,"6.7""",203,4800,39.0,8.7,,
OnePlus 11,12GB,256GB,8.8,"6.7""",205,5000,2.0,--,563.0,1.0
OnePlus 11,16GB,256GB,9.2,"6.7""",205,5000,24.0,8.8,559.0,6.0
OnePlus 11,16GB,256GB,8.9,"6.7""",205,5000,5.0,9.6,573.0,2.0
OnePlus 11,16GB,512GB,9.0,"6.7""",205,5000,2.0,--,465.0,2.0
OnePlus 11,16GB,512GB,8.3,"6.7""",205,5000,1.0,--,,
OnePlus 11,8GB,128GB,9.0,"6.7""",205,5000,6.0,9.9,514.0,8.0
OnePlus 11,8GB,128GB,8.0,"6.7""",205,5000,,,,
OnePlus 11,8GB,256GB,8.1,"6.7""",205,5000,,,,
OnePlus 11,America,·,9.0,"6.7""",205,5000,6.0,9.9,,
OnePlus 11,America,·,8.1,"6.7""",205,5000,,,,
OnePlus 11R,8GB,128GB,8.6,"6.7""",204,5000,49.0,8.3,,
OnePlus 12,12GB,256GB,9.4,"6.8""",220,5400,1.0,--,,
OnePlus 12,12GB,256GB,9.9,"6.8""",220,5400,74.0,9.4,739.0,9.0
OnePlus 12,16GB,512GB,9.8,"6.8""",220,5400,74.0,9.4,732.0,13.0
OnePlus 12,16GB,512GB,9.3,"6.8""",220,5400,74.0,9.4,,
OnePlus 12R,16GB,256GB,9.2,"6.8""",207,5500,12.0,8.6,490.0,12.0
OnePlus 12R,8GB,128GB,9.1,"6.8""",207,5500,3.0,--,,
OnePlus 12R,8GB,256GB,9.1,"6.8""",207,5500,59.0,9.2,,
OnePlus 12R,America,·,9.2,"6.8""",207,5500,3.0,--,,
OnePlus 12R,America,·,9.2,"6.8""",207,5500,124.0,9.5,579.0,1.0
OnePlus 13,12GB,256GB,9.5,"6.8""",210,6000,74.0,9.4,773.0,3.0
OnePlus 13,12GB,512GB,9.4,"6.8""",210,6000,15.0,9.4,823.0,3.0
OnePlus 13,16GB,512GB,9.4,"6.8""",210,6000,3.0,--,873.0,3.0
OnePlus 13,24GB,1TB,9.3,"6.8""",210,6000,8.0,9.6,983.0,3.0
OnePlus 7 Pro,12GB,256GB,8.0,"6.7""",206,4000,,,,
OnePlus 8,12GB,256GB,8.2,"6.6""",180,4300,46.0,8.7,345.0,1.0
OnePlus 8,12GB,256GB,8.2,"6.6""",180,4300,84.0,8.8,,
OnePlus 8,8GB,128GB,8.2,"6.6""",180,4300,1.0,--,,
OnePlus 8 Pro,12GB,256GB,8.6,"6.8""",199,4510,1.0,--,354.0,3.0
OnePlus 8 Pro,12GB,256GB,8.1,"6.8""",199,4510,5.0,9.3,,
OnePlus 8 Pro,12GB,256GB,8.2,"6.8""",199,4510,58.0,9.4,,
OnePlus 8 Pro,8GB,128GB,8.5,"6.8""",199,4510,65.0,8.8,299.0,2.0
OnePlus 8T,12GB,256GB,8.2,"6.6""",188,4500,38.0,8.9,299.0,1.0
OnePlus 8T,8GB,128GB,8.2,"6.6""",188,4500,8.0,9.6,265.0,3.0
OnePlus 9,12GB,256GB,8.2,"6.6""",192,4500,265.0,8.8,316.0,2.0
OnePlus 9,12GB,256GB,8.0,"6.6""",183,4500,,,299.0,2.0
OnePlus 9,8GB,128GB,8.1,"6.6""",192,4500,66.0,9.1,276.0,5.0
OnePlus 9,America,·,8.2,"6.6""",192,4500,42.0,9.2,,
OnePlus 9 Pro,12GB,256GB,8.7,"6.7""",197,4500,10.0,9.3,391.0,6.0
OnePlus 9 Pro,8GB,128GB,8.7,"6.7""",197,4500,1.0,--,299.0,7.0
OnePlus 9 Pro,8GB,256GB,8.7,"6.7""",197,4500,52.0,9.1,357.0,1.0
OnePlus 9 Pro,8GB,256GB,8.4,"6.7""",197,4500,58.0,9.2,407.0,1.0
OnePlus 9 Pro,America,·,8.5,"6.7""",197,4500,10.0,8.3,,
OnePlus 9 Pro,America,·,8.5,"6.7""",197,4500,65.0,8.8,,
OnePlus 9RT,12GB,256GB,8.0,"6.6""",198,4500,,,405.0,1.0
OnePlus 9RT,8GB,128GB,8.0,"6.6""",198,4500,,,247.0,1.0
OnePlus Ace,12GB,256GB,8.2,"6.7""",186,4500,15.0,9.3,553.0,1.0
OnePlus Ace,12GB,512GB,8.1,"6.7""",186,4500,120.0,9.2,646.0,1.0
OnePlus Ace,8GB,128GB,8.1,"6.7""",186,4500,14.0,9.3,444.0,1.0
OnePlus Ace,8GB,256GB,8.1,"6.7""",186,4500,5.0,8.7,477.0,1.0
OnePlus Ace 2V,12GB,256GB,8.0,"6.7""",191,5000,,,425.0,2.0
OnePlus Ace 2V,16GB,256GB,8.0,"6.7""",191,5000,,,457.0,2.0
OnePlus Ace 2V,16GB,512GB,8.0,"6.7""",191,5000,,,502.0,2.0
OnePlus Ace 3,12GB,256GB,8.9,"6.8""",207,5500,48.0,8.5,334.0,6.0
OnePlus Ace 3,16GB,1TB,9.0,"6.8""",207,5500,9.0,9.8,435.0,5.0
OnePlus Ace 3,16GB,512GB,8.9,"6.8""",207,5500,46.0,8.2,389.0,5.0
OnePlus Ace 3V,12GB,256GB,8.2,"6.7""",200,5500,1.0,--,361.0,2.0
OnePlus Ace 3V,12GB,512GB,8.2,"6.7""",200,5500,17.0,8.2,453.0,1.0
OnePlus Ace 3V,16GB,512GB,8.2,"6.7""",200,5500,120.0,9.2,499.0,1.0
OnePlus Ace Pro,12GB,256GB,8.3,"6.7""",203,4800,43.0,8.5,,
OnePlus Ace Pro,16GB,256GB,8.3,"6.7""",203,4800,43.0,8.5,,
OnePlus Ace Pro,16GB,512GB,8.5,"6.7""",203,4800,49.0,8.9,,
OnePlus Nord 2,12GB,256GB,8.3,"6.4""",189,4500,58.0,9.2,335.0,3.0
OnePlus Nord 2,12GB,256GB,8.0,"6.4""",189,4500,50.0,9.4,,
OnePlus Nord 2,8GB,128GB,8.3,"6.4""",189,4500,58.0,9.2,245.0,4.0
OnePlus Nord 3,16GB,256GB,8.8,"6.7""",193,5000,4.0,--,290.0,13.0
OnePlus Nord 3,8GB,128GB,8.7,"6.7""",193,5000,1.0,--,249.0,9.0
OnePlus Nord 4,12GB,256GB,8.6,"6.7""",199,5500,14.0,8.8,431.0,11.0
OnePlus Nord 4,16GB,512GB,8.6,"6.7""",199,5500,10.0,9.3,418.0,11.0
OnePlus Nord 4,8GB,128GB,8.5,"6.7""",199,5500,1.0,--,,
OnePlus Nord 4,8GB,256GB,8.5,"6.7""",199,5500,12.0,9.0,,
OnePlus Nord CE3 5G,12GB,256GB,8.3,"6.7""",184,5000,31.0,9.1,263.0,4.0
OnePlus Nord CE3 5G,8GB,128GB,8.2,"6.7""",184,5000,8.0,8.7,,
OnePlus Nord CE4,8GB,128GB,8.1,"6.7""",186,5500,,,,
OnePlus Nord CE4,8GB,256GB,8.1,"6.7""",186,5500,,,,
OnePlus Open,16GB,1TB,8.2,"6.3""",245,4805,2.0,--,1599.0,1.0
OnePlus Open,16GB,512GB,8.4,"6.3""",245,4805,11.0,8.1,1499.0,3.0
Oneplus 12,12GB,256GB,9.2,"6.8""",220,5400,1.0,--,653.0,4.0
Oneplus 12,16GB,1TB,9.2,"6.8""",220,5400,7.0,9.5,733.0,3.0
Oneplus 12,16GB,256GB,8.4,"6.8""",220,5400,1.0,--,,
Oneplus 12,16GB,512GB,9.2,"6.8""",220,5400,2.0,--,703.0,5.0
Oneplus 12,24GB,1TB,9.2,"6.8""",220,5400,7.0,9.5,793.0,5.0
Oneplus Ace 3 Pro,12GB,256GB,9.1,"6.8""",212,6100,20.0,8.9,451.0,5.0
Oneplus Ace 3 Pro,16GB,256GB,9.1,"6.8""",212,6100,14.0,9.7,493.0,4.0
Oneplus Ace 3 Pro,16GB,512GB,9.1,"6.8""",212,6100,59.0,9.2,546.0,5.0
Oneplus Ace 3 Pro,24GB,1TB,9.1,"6.8""",212,6100,5.0,9.6,669.0,4.0
Oneplus Nord 2T,12GB,256GB,8.0,"6.4""",190,4500,,,509.0,3.0
Oneplus Nord 2T,8GB,128GB,8.0,"6.4""",190,4500,,,259.0,7.0
Oppo Find N2 Flip,8GB,256GB,8.4,"6.8""",191,4300,5.0,8.7,573.0,3.0
Oppo Find N3,12GB,512GB,8.2,"6.3""",245,4805,3.0,--,1313.0,3.0
Oppo Find N3,16GB,1TB,8.1,"6.3""",245,4805,,,1593.0,3.0
Oppo Find N3,16GB,512GB,8.2,"6.3""",245,4805,,,1443.0,1.0
Oppo Find N3 Flip,12GB,256GB,8.3,"6.8""",198,4300,49.0,8.9,843.0,1.0
Oppo Find N3 Flip,12GB,256GB,8.3,"6.8""",198,4300,30.0,8.9,917.0,1.0
Oppo Find N3 Flip,12GB,512GB,8.3,"6.8""",198,4300,49.0,8.9,873.0,1.0
Oppo Find X2,12GB,256GB,8.3,"6.7""",196,4200,51.0,9.1,329.0,5.0
Oppo Find X2 Neo,12GB,256GB,8.0,"6.5""",171,4025,,,299.0,4.0
Oppo Find X2 Pro,12GB,512GB,8.5,"6.7""",207,4260,1.0,--,499.0,2.0
Oppo Find X3 Neo,12GB,256GB,8.4,"6.6""",184,4500,58.0,9.2,589.0,2.0
Oppo Find X3 Pro,12GB,256GB,8.6,"6.7""",193,4500,1.0,--,599.0,2.0
Oppo Find X5,8GB,256GB,8.8,"6.6""",196,4800,19.0,8.6,362.0,9.0
Oppo Find X5 Pro,12GB,256GB,8.9,"6.7""",218,5000,8.0,9.0,755.0,4.0
Oppo Find X5 Pro,12GB,256GB,8.0,"6.7""",218,5000,,,,
Oppo Find X5 Pro,12GB,512GB,8.0,"6.7""",218,5000,,,,
Oppo Find X6,12GB,256GB,8.8,"6.7""",207,4800,14.0,9.7,613.0,3.0
Oppo Find X6,16GB,256GB,8.0,"6.7""",207,4800,,,,
Oppo Find X6,16GB,512GB,8.8,"6.7""",207,4800,25.0,9.6,663.0,3.0
Oppo Find X6 Pro,12GB,256GB,8.9,"6.8""",218,5000,14.0,9.7,761.0,3.0
Oppo Find X6 Pro,16GB,256GB,8.9,"6.8""",218,5000,20.0,8.9,842.0,3.0
Oppo Find X6 Pro,16GB,512GB,8.9,"6.8""",218,5000,4.0,--,926.0,3.0
Oppo Find X7,12GB,256GB,9.2,"6.8""",206,5000,17.0,9.7,627.0,1.0
Oppo Find X7,16GB,1TB,9.2,"6.8""",206,5000,7.0,9.7,801.0,2.0
Oppo Find X7,16GB,256GB,9.2,"6.8""",206,5000,19.0,8.6,650.0,3.0
Oppo Find X7,16GB,512GB,9.2,"6.8""",206,5000,19.0,8.6,703.0,2.0
Oppo Find X7 Ultra,12GB,256GB,9.3,"6.8""",221,5000,58.0,9.2,773.0,2.0
Oppo Find X7 Ultra,16GB,1TB,9.0,"6.8""",221,5000,48.0,8.5,1093.0,1.0
Oppo Find X7 Ultra,16GB,256GB,9.2,"6.8""",221,5000,313.0,9.1,873.0,2.0
Oppo Find X7 Ultra,16GB,512GB,9.1,"6.8""",221,5000,31.0,9.1,943.0,3.0
Oppo Find X8,12GB,256GB,9.5,"6.6""",193,5630,2.0,--,683.0,3.0
Oppo Find X8,12GB,512GB,9.3,"6.6""",193,5630,74.0,9.4,809.0,2.0
Oppo Find X8,16GB,1TB,9.2,"6.6""",193,5630,1.0,--,923.0,3.0
Oppo Find X8,16GB,256GB,9.4,"6.6""",193,5630,74.0,9.4,759.0,2.0
Oppo Find X8,16GB,512GB,9.4,"6.6""",193,5630,15.0,9.4,793.0,3.0
Oppo Find X8 Pro,12GB,256GB,9.2,"6.8""",215,5910,1.0,--,863.0,4.0
Oppo Find X8 Pro,12GB,512GB,9.1,"6.8""",215,5910,2.0,--,958.0,3.0
Oppo Find X8 Pro,16GB,1TB,9.1,"6.8""",215,5910,2.0,--,1053.0,4.0
Oppo Find X8 Pro,16GB,1TB,9.0,"6.8""",215,5910,21.0,8.7,1117.0,3.0
Oppo Find X8 Pro,16GB,512GB,9.1,"6.8""",215,5910,2.0,--,963.0,4.0
Oppo K11,8GB,256GB,8.1,"6.7""",184,5000,,,,
Oppo K12 Plus,8GB,256GB,8.1,"6.7""",186,6400,,,,
Oppo Reno 6 Pro,12GB,256GB,8.6,"6.6""",188,4500,9.0,9.4,329.0,3.0
Oppo Reno10,8GB,256GB,8.3,"6.7""",185,5000,19.0,9.6,268.0,10.0
Oppo Reno10 China,12GB,256GB,8.0,"6.7""",180,4600,,,380.0,2.0
Oppo Reno10 China,12GB,512GB,8.0,"6.7""",180,4600,,,433.0,2.0
Oppo Reno10 China,8GB,256GB,8.0,"6.7""",180,4600,,,330.0,2.0
Oppo Reno10 Pro,12GB,256GB,8.5,"6.7""",185,4600,43.0,8.5,310.0,5.0
Oppo Reno10 Pro,16GB,256GB,8.5,"6.7""",185,4600,30.0,9.3,284.0,6.0
Oppo Reno10 Pro +,16GB,256GB,8.4,"6.7""",194,4700,29.0,9.1,627.0,2.0
Oppo Reno10 Pro +,16GB,512GB,8.4,"6.7""",194,4700,70.0,9.0,696.0,2.0
Oppo Reno10 Pro China,16GB,256GB,8.2,"6.7""",186,4600,49.0,8.5,468.0,2.0
Oppo Reno10 Pro China,16GB,512GB,8.2,"6.7""",186,4600,1.0,--,566.0,2.0
Oppo Reno11,12GB,256GB,8.2,"6.7""",184,4800,6.0,9.2,395.0,1.0
Oppo Reno11,12GB,512GB,8.2,"6.7""",184,4800,11.0,8.4,465.0,1.0
Oppo Reno11,8GB,256GB,8.2,"6.7""",184,4800,4.0,--,377.0,2.0
Oppo Reno11 F 5G,8GB,256GB,8.2,"6.7""",177,5000,3.0,--,231.0,13.0
Oppo Reno11 Pro,12GB,256GB,8.4,"6.7""",190,4700,1.0,--,465.0,2.0
Oppo Reno11 Pro,12GB,512GB,8.4,"6.7""",190,4700,4.0,--,499.0,1.0
Oppo Reno12,12GB,256GB,8.4,"6.7""",179,5000,13.0,8.1,383.0,3.0
Oppo Reno12,12GB,256GB,8.5,"6.7""",179,5000,31.0,9.1,309.0,18.0
Oppo Reno12,12GB,512GB,8.4,"6.7""",179,5000,5.0,9.0,534.0,2.0
Oppo Reno12,16GB,256GB,8.3,"6.7""",179,5000,10.0,8.6,534.0,2.0
Oppo Reno12,16GB,512GB,8.4,"6.7""",179,5000,1.0,--,564.0,2.0
Oppo Reno12 Pro,12GB,256GB,8.7,"6.7""",183,5000,40.0,9.1,596.0,2.0
Oppo Reno12 Pro,12GB,512GB,8.7,"6.7""",180,5000,58.0,8.7,399.0,18.0
Oppo Reno12 Pro,16GB,256GB,8.7,"6.7""",183,5000,34.0,8.8,615.0,2.0
Oppo Reno12 Pro,16GB,512GB,8.7,"6.7""",183,5000,86.0,8.9,693.0,3.0
Oppo Reno4 Pro 5G,12GB,256GB,8.1,"6.5""",172,4020,54.0,8.8,269.0,6.0
Oppo Reno8 Pro,12GB,256GB,8.3,"6.7""",183,4500,24.0,8.8,,
Oppo Reno8 Pro,8GB,256GB,8.3,"6.7""",183,4500,24.0,8.8,272.0,8.0
Oppo Reno9 Pro,16GB,256GB,8.0,"6.7""",174,4500,,,511.0,2.0
Oppo Reno9 Pro,16GB,512GB,8.0,"6.7""",174,4500,,,561.0,2.0
Oppo Reno9 Pro+,16GB,256GB,8.4,"6.7""",192,4700,1.0,--,545.0,2.0
Oppo Reno9 Pro+,16GB,512GB,8.4,"6.7""",192,4700,1.0,--,629.0,2.0
POCO F4 5G,6GB,128GB,8.3,"6.7""",195,4500,7.0,8.7,219.0,7.0
POCO F4 5G,8GB,256GB,8.3,"6.7""",195,4500,19.0,8.9,566.0,3.0
POCO F4 GT,12GB,256GB,8.3,"6.7""",210,4700,49.0,8.5,382.0,8.0
POCO F4 GT,8GB,128GB,8.3,"6.7""",210,4700,10.0,9.1,279.0,6.0
Poco F5,12GB,256GB,8.6,"6.7""",181,5000,48.0,8.5,275.0,9.0
Poco F5,8GB,256GB,8.6,"6.7""",181,5000,48.0,8.5,243.0,8.0
Poco F5 Pro,12GB,256GB,8.5,"6.7""",205,5160,1.0,--,399.0,9.0
Poco F5 Pro,12GB,512GB,8.6,"6.7""",205,5160,48.0,8.5,416.0,6.0
Poco F5 Pro,8GB,256GB,8.5,"6.7""",205,5160,1.0,--,439.0,5.0
Poco F6,12GB,512GB,8.8,"6.7""",179,5000,46.0,8.2,302.0,19.0
Poco F6,8GB,256GB,8.8,"6.7""",179,5000,65.0,8.8,261.0,19.0
Poco F6 Pro,12GB,256GB,8.9,"6.7""",209,5000,8.0,9.8,374.0,14.0
Poco F6 Pro,12GB,512GB,8.9,"6.7""",209,5000,72.0,9.0,402.0,19.0
Poco F6 Pro,16GB,1TB,9.0,"6.7""",209,5000,124.0,9.5,488.0,10.0
Poco M6 Pro,12GB,512GB,8.3,"6.7""",181,5000,1.0,--,178.0,16.0
Poco M6 Pro,8GB,256GB,8.2,"6.7""",181,5000,1.0,--,143.0,18.0
Poco X5 Pro 5G,6GB,128GB,8.1,"6.7""",181,5000,1.0,--,258.0,9.0
Poco X5 Pro 5G,8GB,256GB,8.2,"6.7""",181,5000,124.0,9.5,271.0,10.0
Poco X6,12GB,256GB,8.5,"6.7""",181,5100,7.0,9.6,210.0,18.0
Poco X6,12GB,512GB,8.5,"6.7""",181,5100,18.0,8.7,289.0,13.0
Poco X6,8GB,256GB,8.5,"6.7""",181,5100,1.0,--,188.0,15.0
Poco X6 Pro,12GB,512GB,9.1,"6.7""",186,5000,16.0,9.4,257.0,22.0
Poco X6 Pro,8GB,256GB,9.0,"6.7""",186,5000,124.0,9.5,188.0,21.0
Samsung Galaxy A55 5G,12GB,256GB,8.1,"6.6""",213,5000,,,459.0,1.0
Samsung Galaxy A55 5G,8GB,128GB,8.2,"6.6""",213,5000,1.0,--,299.0,16.0
Samsung Galaxy A55 5G,8GB,256GB,8.2,"6.6""",213,5000,3.0,--,427.0,1.0
Samsung Galaxy A55 5G,8GB,256GB,8.2,"6.6""",213,5000,1.0,--,308.0,18.0
Samsung Galaxy Note10,America,·,8.0,"6.3""",168,3500,,,,
Samsung Galaxy Note10+,12GB,256GB,8.0,"6.8""",196,4300,,,440.0,4.0
Samsung Galaxy Note10+,12GB,512GB,8.0,"6.8""",196,4300,,,499.0,2.0
Samsung Galaxy Note10+,America,·,8.1,"6.8""",196,4300,10.0,9.1,,
Samsung Galaxy Note10+,America,·,8.1,"6.8""",196,4300,12.0,9.4,499.0,1.0
Samsung Galaxy Note10+ 5G,12GB,256GB,8.1,"6.8""",198,4300,3.0,--,449.0,1.0
Samsung Galaxy Note10+ 5G,12GB,512GB,8.0,"6.8""",198,4300,,,499.0,1.0
Samsung Galaxy Note20,8GB,128GB,8.1,"6.7""",194,4300,15.0,9.7,449.0,1.0
Samsung Galaxy Note20,8GB,256GB,8.1,"6.7""",194,4300,15.0,9.7,549.0,2.0
Samsung Galaxy Note20,8GB,256GB,8.0,"6.7""",192,4300,,,524.0,1.0
Samsung Galaxy Note20,America,·,8.1,"6.7""",194,4300,,,,
Samsung Galaxy Note20 Ultra,12GB,128GB,8.1,"6.9""",208,4500,22.0,9.0,589.0,1.0
Samsung Galaxy Note20 Ultra,12GB,256GB,8.4,"6.9""",209,4500,59.0,9.2,399.0,4.0
Samsung Galaxy Note20 Ultra,12GB,512GB,8.2,"6.9""",209,4500,9.0,9.6,799.0,1.0
Samsung Galaxy Note20 Ultra,America,·,8.5,"6.9""",209,4500,1.0,--,,
Samsung Galaxy Note20 Ultra,America,·,8.3,"6.9""",209,4500,8.0,8.8,589.0,1.0
Samsung Galaxy Note20 Ultra,America,·,8.1,"6.9""",209,4500,22.0,9.0,,
Samsung Galaxy S10 5G,America,·,8.0,"6.7""",198,4500,,,,
Samsung Galaxy S10 Plus,12GB,1TB,8.0,"6.4""",175,4100,,,350.0,1.0
Samsung Galaxy S10 Plus,America,·,8.0,"6.4""",175,4100,,,319.0,1.0
Samsung Galaxy S20,8GB,128GB,8.3,"6.2""",163,4000,1.0,--,330.0,4.0
Samsung Galaxy S20 5G,12GB,128GB,8.5,"6.2""",163,4000,1.0,--,349.0,4.0
Samsung Galaxy S20 5G,12GB,128GB,8.5,"6.2""",163,4000,1.0,--,359.0,1.0
Samsung Galaxy S20 5G,8GB,128GB,8.3,"6.2""",163,4000,10.0,8.8,379.0,1.0
Samsung Galaxy S20 FE,6GB,128GB,8.1,"6.5""",190,4500,21.0,9.0,,
Samsung Galaxy S20 FE,6GB,128GB,8.4,"6.5""",190,4500,59.0,9.2,279.0,7.0
Samsung Galaxy S20 FE,6GB,128GB,8.2,"6.5""",190,4500,8.0,9.6,299.0,6.0
Samsung Galaxy S20 FE,6GB,256GB,8.1,"6.5""",190,4500,46.0,9.5,,
Samsung Galaxy S20 FE,8GB,128GB,8.3,"6.5""",190,4500,42.0,9.2,400.0,1.0
Samsung Galaxy S20 FE,8GB,128GB,8.1,"6.5""",190,4500,5.0,9.3,401.0,2.0
Samsung Galaxy S20 FE,8GB,256GB,8.3,"6.5""",190,4500,1.0,--,399.0,4.0
Samsung Galaxy S20 FE,8GB,256GB,8.2,"6.5""",190,4500,10.0,9.1,393.0,5.0
Samsung Galaxy S20 FE,8GB,256GB,8.0,"6.5""",190,4500,,,,
Samsung Galaxy S20 FE 2021,6GB,128GB,8.2,"6.5""",190,4500,16.0,8.4,299.0,3.0
Samsung Galaxy S20 FE 5G,America,·,8.3,"6.5""",190,4500,1.0,--,,
Samsung Galaxy S20 Plus,8GB,128GB,8.4,"6.7""",186,4500,59.0,9.2,379.0,6.0
Samsung Galaxy S20 Plus 5G,12GB,128GB,8.6,"6.7""",188,4500,49.0,8.9,369.0,5.0
Samsung Galaxy S20 Plus 5G,12GB,128GB,8.6,"6.7""",188,4500,52.0,9.1,,
Samsung Galaxy S20 Plus 5G,12GB,512GB,8.5,"6.7""",188,4500,49.0,8.9,,
Samsung Galaxy S20 Plus 5G,12GB,512GB,8.4,"6.7""",188,4500,5.0,9.5,549.0,1.0
Samsung Galaxy S20 Plus 5G,8GB,128GB,8.4,"6.7""",188,4500,34.0,9.0,466.0,1.0
Samsung Galaxy S20 Ultra,12GB,128GB,8.7,"6.9""",222,5000,1.0,--,449.0,6.0
Samsung Galaxy S20 Ultra,12GB,128GB,8.6,"6.9""",222,5000,49.0,8.9,,
Samsung Galaxy S20 Ultra,12GB,256GB,8.3,"6.9""",222,5000,59.0,9.1,,
Samsung Galaxy S20 Ultra,16GB,512GB,8.5,"6.9""",222,5000,39.0,8.7,,
Samsung Galaxy S21 5G,8GB,128GB,8.4,"6.2""",169,4000,43.0,8.5,369.0,9.0
Samsung Galaxy S21 5G,8GB,256GB,8.4,"6.2""",169,4000,68.0,8.7,419.0,3.0
Samsung Galaxy S21 5G,America,·,8.3,"6.2""",171,4000,42.0,9.2,,
Samsung Galaxy S21 FE 5G,6GB,128GB,8.4,"6.4""",177,4500,1.0,--,315.0,8.0
Samsung Galaxy S21 FE 5G,6GB,128GB,8.1,"6.4""",177,4500,12.0,8.7,,
Samsung Galaxy S21 FE 5G,8GB,256GB,8.1,"6.4""",177,4500,12.0,8.7,,
Samsung Galaxy S21 FE 5G,8GB,256GB,8.4,"6.4""",177,4500,265.0,8.8,457.0,7.0
Samsung Galaxy S21 FE 5G,America,·,8.4,"6.4""",177,4500,265.0,8.8,399.0,1.0
Samsung Galaxy S21 FE 5G,America,·,8.2,"6.4""",177,4500,15.0,9.3,,
Samsung Galaxy S21 Ultra,12GB,128GB,8.7,"6.8""",227,5000,1.0,--,499.0,5.0
Samsung Galaxy S21 Ultra,12GB,256GB,8.4,"6.8""",229,5000,118.0,8.6,,
Samsung Galaxy S21 Ultra,12GB,256GB,8.7,"6.8""",227,5000,8.0,8.8,449.0,5.0
Samsung Galaxy S21 Ultra,16GB,512GB,8.8,"6.8""",227,5000,59.0,9.2,749.0,2.0
Samsung Galaxy S21 Ultra,America,·,8.6,"6.8""",229,5000,2.0,--,,
Samsung Galaxy S21 Ultra,America,·,8.7,"6.8""",229,5000,8.0,8.8,,
Samsung Galaxy S21 Ultra,America,·,8.3,"6.8""",229,5000,29.0,9.1,,
Samsung Galaxy S21+,8GB,128GB,8.4,"6.7""",200,4800,3.0,--,359.0,6.0
Samsung Galaxy S21+,8GB,256GB,8.4,"6.7""",200,4800,118.0,8.6,450.0,4.0
Samsung Galaxy S21+,8GB,256GB,8.3,"6.7""",200,4800,53.0,9.3,,
Samsung Galaxy S21+,America,·,8.4,"6.7""",202,4800,68.0,8.7,,
Samsung Galaxy S22,8GB,128GB,8.5,"6.1""",167,3700,5.0,8.7,379.0,11.0
Samsung Galaxy S22,8GB,128GB,8.4,"6.1""",167,3700,9.0,9.3,615.0,1.0
Samsung Galaxy S22,8GB,256GB,8.5,"6.1""",167,3700,5.0,8.7,519.0,7.0
Samsung Galaxy S22,8GB,256GB,8.3,"6.1""",167,3700,15.0,9.3,650.0,1.0
Samsung Galaxy S22,America,·,8.4,"6.1""",167,3700,4.0,--,,
Samsung Galaxy S22,America,·,8.3,"6.1""",167,3700,1.0,--,,
Samsung Galaxy S22,America,·,8.4,"6.1""",167,3700,49.0,8.3,,
Samsung Galaxy S22,America,·,8.2,"6.1""",167,3700,38.0,9.4,,
Samsung Galaxy S22 Ultra,12GB,1TB,8.8,"6.8""",229,5000,1.0,--,759.0,1.0
Samsung Galaxy S22 Ultra,12GB,1TB,8.1,"6.8""",227,5000,30.0,9.3,,
Samsung Galaxy S22 Ultra,12GB,256GB,9.0,"6.8""",227,5000,2.0,--,713.0,4.0
Samsung Galaxy S22 Ultra,12GB,256GB,9.0,"6.8""",229,5000,2.0,--,,
Samsung Galaxy S22 Ultra,12GB,256GB,8.7,"6.8""",229,5000,19.0,8.6,731.0,1.0
Samsung Galaxy S22 Ultra,12GB,512GB,8.7,"6.8""",229,5000,6.0,9.5,,
Samsung Galaxy S22 Ultra,12GB,512GB,8.9,"6.8""",227,5000,8.0,9.6,718.0,5.0
Samsung Galaxy S22 Ultra,12GB,512GB,8.7,"6.8""",229,5000,25.0,9.6,824.0,1.0
Samsung Galaxy S22 Ultra,8GB,128GB,8.7,"6.8""",229,5000,1.0,--,,
Samsung Galaxy S22 Ultra,8GB,128GB,8.9,"6.8""",227,5000,8.0,9.6,545.0,6.0
Samsung Galaxy S22 Ultra,8GB,128GB,8.0,"6.8""",229,5000,,,,
Samsung Galaxy S22 Ultra,America,·,8.5,"6.8""",229,5000,1.0,--,,
Samsung Galaxy S22 Ultra,America,·,8.3,"6.8""",229,5000,40.0,9.1,,
Samsung Galaxy S22 Ultra,America,·,8.1,"6.8""",229,5000,30.0,9.3,,
Samsung Galaxy S22 Ultra,America,·,8.0,"6.8""",229,5000,,,,
Samsung Galaxy S22+,8GB,128GB,8.7,"6.6""",195,4500,1.0,--,429.0,8.0
Samsung Galaxy S22+,8GB,128GB,8.6,"6.6""",195,4500,1.0,--,662.0,1.0
Samsung Galaxy S22+,8GB,256GB,8.3,"6.6""",195,4500,128.0,8.4,,
Samsung Galaxy S22+,8GB,256GB,8.7,"6.6""",195,4500,9.0,9.4,519.0,4.0
Samsung Galaxy S22+,America,·,8.6,"6.6""",195,4500,10.0,8.6,,
Samsung Galaxy S23,8GB,128GB,8.5,"6.1""",168,3900,128.0,8.4,,
Samsung Galaxy S23,8GB,128GB,8.6,"6.1""",168,3900,49.0,8.9,459.0,14.0
Samsung Galaxy S23,8GB,128GB,8.6,"6.1""",168,3900,22.0,9.2,,
Samsung Galaxy S23,8GB,256GB,8.6,"6.1""",168,3900,49.0,8.3,545.0,14.0
Samsung Galaxy S23,8GB,256GB,8.5,"6.1""",168,3900,68.0,8.7,,
Samsung Galaxy S23,8GB,256GB,8.4,"6.1""",168,3900,9.0,9.1,,
Samsung Galaxy S23,8GB,512GB,8.1,"6.1""",168,3900,1.0,--,,
Samsung Galaxy S23,America,·,8.5,"6.1""",168,3900,128.0,8.4,,
Samsung Galaxy S23,America,·,8.6,"6.1""",168,3900,61.0,8.8,,
Samsung Galaxy S23,America,·,8.4,"6.1""",168,3900,68.0,8.9,,
Samsung Galaxy S23 FE,8GB,128GB,8.3,"6.4""",210,4500,52.0,9.1,434.0,12.0
Samsung Galaxy S23 FE,8GB,256GB,8.3,"6.4""",210,4500,14.0,9.4,429.0,11.0
Samsung Galaxy S23 FE,America,·,8.3,"6.4""",210,4500,7.0,8.9,,
Samsung Galaxy S23 Ultra,12GB,1TB,8.2,"6.8""",233,5000,66.0,9.1,,
Samsung Galaxy S23 Ultra,12GB,1TB,8.9,"6.8""",233,5000,59.0,9.2,949.0,7.0
Samsung Galaxy S23 Ultra,12GB,1TB,8.2,"6.8""",233,5000,124.0,9.5,,
Samsung Galaxy S23 Ultra,12GB,256GB,9.0,"6.8""",233,5000,1.0,--,711.0,3.0
Samsung Galaxy S23 Ultra,12GB,256GB,8.5,"6.8""",233,5000,68.0,8.7,1100.0,1.0
Samsung Galaxy S23 Ultra,12GB,256GB,8.7,"6.8""",233,5000,8.0,8.8,,
Samsung Galaxy S23 Ultra,12GB,256GB,8.9,"6.8""",233,5000,14.0,9.7,,
Samsung Galaxy S23 Ultra,12GB,512GB,8.1,"6.8""",233,5000,1.0,--,,
Samsung Galaxy S23 Ultra,12GB,512GB,8.1,"6.8""",233,5000,5.0,7.7,,
Samsung Galaxy S23 Ultra,12GB,512GB,9.1,"6.8""",233,5000,9.0,9.1,799.0,12.0
Samsung Galaxy S23 Ultra,12GB,512GB,8.2,"6.8""",233,5000,66.0,9.1,,
Samsung Galaxy S23 Ultra,8GB,256GB,8.1,"6.8""",233,5000,3.0,--,,
Samsung Galaxy S23 Ultra,8GB,256GB,9.0,"6.8""",233,5000,6.0,9.9,729.0,9.0
Samsung Galaxy S23 Ultra,America,·,9.0,"6.8""",233,5000,2.0,--,,
Samsung Galaxy S23 Ultra,America,·,8.4,"6.8""",233,5000,68.0,8.7,,
Samsung Galaxy S23 Ultra,America,·,8.3,"6.8""",233,5000,84.0,8.8,,
Samsung Galaxy S23 Ultra,America,·,8.9,"6.8""",233,5000,15.0,9.1,,
Samsung Galaxy S23 Ultra,America,·,8.9,"6.8""",233,5000,59.0,9.2,,
Samsung Galaxy S23 Ultra,America,·,9.0,"6.8""",233,5000,6.0,9.9,,
Samsung Galaxy S23+,8GB,256GB,8.9,"6.6""",196,4700,20.0,8.9,588.0,6.0
Samsung Galaxy S23+,8GB,256GB,8.0,"6.6""",196,4700,,,,
Samsung Galaxy S23+,8GB,512GB,8.9,"6.6""",196,4700,3.0,--,628.0,7.0
Samsung Galaxy S23+,8GB,512GB,8.6,"6.6""",196,4700,45.0,8.6,,
Samsung Galaxy S23+,8GB,512GB,8.0,"6.6""",196,4700,,,,
Samsung Galaxy S23+,America,·,8.7,"6.6""",196,4700,1.0,--,,
Samsung Galaxy S23+,America,·,8.5,"6.6""",196,4700,65.0,8.8,,
Samsung Galaxy S23+,America,·,8.8,"6.6""",196,4700,59.0,9.2,,
Samsung Galaxy S23+,America,·,8.0,"6.6""",196,4700,,,,
Samsung Galaxy S24,8GB,128GB,8.9,"6.2""",167,4000,65.0,8.8,580.0,14.0
Samsung Galaxy S24,8GB,128GB,8.1,"6.2""",167,4000,,,,
Samsung Galaxy S24,8GB,256GB,8.8,"6.2""",167,4000,13.0,8.4,588.0,20.0
Samsung Galaxy S24,8GB,256GB,8.6,"6.2""",167,4000,5.0,9.2,753.0,2.0
Samsung Galaxy S24,8GB,256GB,8.8,"6.2""",167,4000,16.0,9.4,733.0,1.0
Samsung Galaxy S24,8GB,256GB,8.1,"6.2""",167,4000,,,,
Samsung Galaxy S24,8GB,512GB,8.7,"6.2""",167,4000,63.0,9.0,831.0,2.0
Samsung Galaxy S24,8GB,512GB,8.1,"6.2""",167,4000,,,,
Samsung Galaxy S24,America,·,8.8,"6.2""",167,4000,29.0,8.9,,
Samsung Galaxy S24,America,·,8.6,"6.2""",167,4000,8.0,9.3,,
Samsung Galaxy S24,America,·,9.0,"6.2""",167,4000,16.0,9.4,,
Samsung Galaxy S24,America,·,8.8,"6.2""",167,4000,46.0,9.5,,
Samsung Galaxy S24,America,·,8.7,"6.2""",167,4000,17.0,9.6,,
Samsung Galaxy S24 FE,8GB,128GB,8.8,"6.7""",213,4700,22.0,9.1,474.0,12.0
Samsung Galaxy S24 FE,8GB,256GB,8.7,"6.7""",213,4700,31.0,9.1,541.0,13.0
Samsung Galaxy S24 FE,8GB,512GB,8.6,"6.7""",213,4700,5.0,9.0,832.0,1.0
Samsung Galaxy S24 Ultra,12GB,1TB,8.4,"6.8""",232,5000,2.0,--,,
Samsung Galaxy S24 Ultra,12GB,1TB,8.3,"6.8""",232,5000,3.0,--,,
Samsung Galaxy S24 Ultra,12GB,1TB,8.9,"6.8""",232,5000,26.0,9.1,1149.0,12.0
Samsung Galaxy S24 Ultra,12GB,1TB,8.4,"6.8""",232,5000,14.0,9.4,,
Samsung Galaxy S24 Ultra,12GB,256GB,8.3,"6.8""",232,5000,2.0,--,,
Samsung Galaxy S24 Ultra,12GB,256GB,8.3,"6.8""",232,5000,17.0,8.2,,
Samsung Galaxy S24 Ultra,12GB,256GB,8.6,"6.8""",232,5000,63.0,9.0,1077.0,1.0
Samsung Galaxy S24 Ultra,12GB,256GB,9.0,"6.8""",232,5000,9.0,9.8,887.0,20.0
Samsung Galaxy S24 Ultra,12GB,512GB,8.3,"6.8""",232,5000,2.0,--,,
Samsung Galaxy S24 Ultra,12GB,512GB,8.3,"6.8""",232,5000,17.0,8.2,,
Samsung Galaxy S24 Ultra,12GB,512GB,8.9,"6.8""",232,5000,46.0,9.5,1005.0,21.0
Samsung Galaxy S24 Ultra,12GB,512GB,8.8,"6.8""",232,5000,124.0,9.5,1221.0,1.0
Samsung Galaxy S24 Ultra,America,·,8.9,"6.8""",232,5000,3.0,--,,
Samsung Galaxy S24 Ultra,America,·,8.5,"6.8""",232,5000,5.0,9.3,,
Samsung Galaxy S24 Ultra,America,·,8.4,"6.8""",232,5000,7.0,9.3,,
Samsung Galaxy S24 Ultra,America,·,8.4,"6.8""",232,5000,14.0,9.4,,
Samsung Galaxy S24 Ultra,America,·,8.9,"6.8""",232,5000,19.0,9.6,,
Samsung Galaxy S24 Ultra,America,·,8.8,"6.8""",232,5000,17.0,9.6,,
Samsung Galaxy S24+,12GB,256GB,8.2,"6.7""",196,4900,1.0,--,,
Samsung Galaxy S24+,12GB,256GB,8.7,"6.7""",196,4900,58.0,9.4,923.0,2.0
Samsung Galaxy S24+,12GB,256GB,9.0,"6.7""",196,4900,9.0,9.8,712.0,15.0
Samsung Galaxy S24+,12GB,512GB,8.3,"6.7""",196,4900,2.0,--,,
Samsung Galaxy S24+,12GB,512GB,8.9,"6.7""",196,4900,12.0,9.3,847.0,1.0
Samsung Galaxy S24+,12GB,512GB,9.1,"6.7""",196,4900,5.0,9.8,779.0,18.0
Samsung Galaxy S24+,12GB,512GB,8.1,"6.7""",196,4900,,,,
Samsung Galaxy S24+,America,·,8.9,"6.7""",196,4900,3.0,--,,
Samsung Galaxy S24+,America,·,8.3,"6.7""",196,4900,2.0,--,,
Samsung Galaxy S24+,America,·,8.8,"6.7""",196,4900,16.0,9.4,,
Samsung Galaxy S24+,America,·,8.7,"6.7""",196,4900,17.0,9.6,,
Samsung Galaxy S25 Ultra,12GB,256GB,8.6,"6.9""",219,5000,18.0,8.7,,
Samsung Galaxy Z Flip6,12GB,256GB,8.2,"6.8""",187,4000,128.0,9.5,702.0,13.0
Samsung Galaxy Z Flip6,12GB,256GB,8.1,"6.8""",187,4000,,,,
Samsung Galaxy Z Flip6,12GB,256GB,8.1,"6.8""",187,4000,,,769.0,1.0
Samsung Galaxy Z Flip6,12GB,512GB,8.2,"6.8""",187,4000,1.0,--,765.0,10.0
Samsung Galaxy Z Flip6,12GB,512GB,8.1,"6.8""",187,4000,,,,
Samsung Galaxy Z Fold3,12GB,256GB,8.0,"6.2""",271,4400,,,648.0,6.0
Samsung Galaxy Z Fold3,12GB,512GB,8.1,"6.2""",271,4400,50.0,9.4,929.0,5.0
Samsung Galaxy Z Fold4,12GB,1TB,8.1,"6.2""",271,4400,91.0,8.8,960.0,3.0
Samsung Galaxy Z Fold4,12GB,256GB,8.3,"6.2""",271,4400,43.0,8.5,795.0,10.0
Samsung Galaxy Z Fold4,12GB,256GB,8.0,"6.2""",271,4400,,,,
Samsung Galaxy Z Fold4,12GB,512GB,8.3,"6.2""",271,4400,43.0,8.5,845.0,10.0
Samsung Galaxy Z Fold4,12GB,512GB,8.0,"6.2""",271,4400,,,,
Samsung Galaxy Z Fold5,12GB,1TB,8.2,"6.2""",253,4400,26.0,7.8,1508.0,3.0
Samsung Galaxy Z Fold5,12GB,256GB,8.2,"6.2""",253,4400,14.0,9.1,1075.0,9.0
Samsung Galaxy Z Fold5,12GB,512GB,8.3,"6.2""",253,4400,19.0,9.6,989.0,11.0
Samsung Galaxy Z Fold5,America,·,8.5,"6.2""",253,4400,21.0,9.2,,
Samsung Galaxy Z Fold5,America,·,8.4,"6.2""",253,4400,21.0,9.2,,
Samsung Galaxy Z Fold5,America,·,8.1,"6.2""",253,4400,,,,
Samsung Galaxy Z Fold6 SE,16GB,512GB,8.1,"6.5""",239,4400,,,,
Sharp Aquos R9,8GB,256GB,8.6,"6.5""",195,5500,7.0,9.5,793.0,1.0
Sony Xperia 1 V,12GB,256GB,8.5,"6.5""",187,5000,7.0,8.7,851.0,4.0
Sony Xperia 1 V,12GB,512GB,8.3,"6.5""",187,5000,49.0,8.9,1022.0,1.0
Sony Xperia 1 VI,12GB,256GB,9.2,"6.5""",192,5000,7.0,9.5,1039.0,8.0
Sony Xperia 1 VI,12GB,512GB,8.7,"6.5""",192,5000,12.0,8.7,1151.0,3.0
Sony Xperia 5 IV,8GB,128GB,8.1,"6.1""",172,5000,50.0,9.4,605.0,3.0
Sony Xperia 5 IV,8GB,128GB,8.0,"6.1""",172,5000,,,,
Sony Xperia 5 IV,8GB,256GB,8.2,"6.1""",172,5000,10.0,9.1,,
Sony Xperia 5 V,8GB,128GB,8.2,"6.1""",183,5000,5.0,9.0,705.0,8.0
Sony Xperia 5 V,8GB,256GB,8.2,"6.1""",183,5000,9.0,9.4,818.0,1.0
Sony Xperia PRO-I,12GB,512GB,8.2,"6.5""",211,4500,16.0,8.4,708.0,1.0
Ulefone Armor 26,12GB,512GB,8.4,"6.8""",600,15600,30.0,8.9,,
Ulefone Armor 26 Ultra,12GB,512GB,8.5,"6.8""",600,15600,24.0,9.3,415.0,8.0
Ulefone Armor 27,12GB,256GB,8.1,"6.8""",441,10600,,,282.0,3.0
Ulefone Armor 27 Pro 5G,12GB,256GB,8.1,"6.8""",441,10600,,,275.0,6.0
Ulefone Armor 27T Pro 5G,12GB,256GB,8.1,"6.8""",441,10600,,,359.0,6.0
Unihertz 8849 Shark 5G,12GB,256GB,8.2,"6.8""",605,15600,157.0,9.1,419.0,2.0
Unihertz Tank 3,16GB,512GB,8.1,"6.8""",666,23800,,,445.0,4.0
Unihertz Tank 3 Pro,16GB,512GB,8.4,"6.8""",696,23800,14.0,9.4,591.0,3.0
Unihertz Tank 3 Pro,18GB,512GB,8.2,"6.8""",696,23800,52.0,8.1,917.0,1.0
Vivo S16 Pro,12GB,256GB,8.1,"6.8""",182,4600,12.0,8.7,521.0,1.0
Vivo S16 Pro,12GB,512GB,8.1,"6.8""",182,4600,12.0,8.7,550.0,1.0
Vivo S16 Pro,8GB,256GB,8.1,"6.8""",182,4600,12.0,8.7,474.0,1.0
Vivo S17,12GB,256GB,8.0,"6.8""",186,4600,,,460.0,1.0
Vivo S17,12GB,512GB,8.0,"6.8""",186,4600,,,490.0,1.0
Vivo S17 Pro,12GB,256GB,8.1,"6.8""",188,4600,,,543.0,1.0
Vivo S17 Pro,12GB,512GB,8.2,"6.8""",188,4600,26.0,7.8,586.0,1.0
Vivo S17 Pro,8GB,256GB,8.1,"6.8""",188,4600,,,524.0,1.0
Vivo V30 Pro,12GB,512GB,8.4,"6.8""",188,5000,5.0,9.3,708.0,1.0
Vivo X100,12GB,256GB,8.4,"6.8""",205,5000,21.0,8.7,,
Vivo X100,12GB,256GB,9.0,"6.8""",205,5000,77.0,9.1,657.0,2.0
Vivo X100,16GB,1TB,9.0,"6.8""",205,5000,19.0,9.2,743.0,2.0
Vivo X100,16GB,1TB,8.3,"6.8""",205,5000,9.0,9.4,,
Vivo X100,16GB,256GB,9.0,"6.8""",205,5000,72.0,9.0,623.0,2.0
Vivo X100,16GB,512GB,8.4,"6.8""",205,5000,21.0,8.7,,
Vivo X100,16GB,512GB,9.0,"6.8""",205,5000,72.0,9.0,683.0,2.0
Vivo X100 Pro,12GB,256GB,9.1,"6.8""",225,5400,72.0,9.0,713.0,3.0
Vivo X100 Pro,16GB,1TB,9.1,"6.8""",225,5400,124.0,9.5,853.0,2.0
Vivo X100 Pro,16GB,256GB,9.0,"6.8""",225,5400,15.0,8.9,871.0,1.0
Vivo X100 Pro,16GB,512GB,9.1,"6.8""",225,5400,66.0,9.1,763.0,2.0
Vivo X100 Pro,16GB,512GB,8.5,"6.8""",225,5400,16.0,9.2,,
Vivo X100s,12GB,256GB,9.0,"6.8""",203,5100,44.0,9.6,593.0,3.0
Vivo X100s,16GB,1TB,9.0,"6.8""",203,5100,46.0,9.5,793.0,4.0
Vivo X100s,16GB,256GB,9.0,"6.8""",203,5100,66.0,9.1,711.0,2.0
Vivo X100s,16GB,512GB,9.0,"6.8""",203,5100,46.0,9.5,693.0,3.0
Vivo X100s Pro,12GB,256GB,9.2,"6.8""",224,5400,17.0,9.6,762.0,4.0
Vivo X100s Pro,16GB,1TB,9.2,"6.8""",224,5400,58.0,9.2,865.0,4.0
Vivo X100s Pro,16GB,256GB,8.4,"6.8""",224,5400,1.0,--,,
Vivo X100s Pro,16GB,512GB,9.2,"6.8""",224,5400,13.0,9.2,805.0,4.0
Vivo X200,12GB,256GB,9.3,"6.7""",197,5800,2.0,--,723.0,3.0
Vivo X200,12GB,512GB,9.2,"6.7""",197,5800,3.0,--,812.0,2.0
Vivo X200,16GB,1TB,9.1,"6.7""",197,5800,7.0,9.7,913.0,3.0
Vivo X200,16GB,512GB,9.3,"6.7""",197,5800,74.0,9.4,823.0,3.0
Vivo X200 Pro,12GB,256GB,9.5,"6.8""",223,6000,2.0,--,856.0,4.0
Vivo X200 Pro,16GB,1TB,9.2,"6.8""",223,6000,18.0,8.9,1052.0,4.0
Vivo X200 Pro,16GB,1TB,9.2,"6.8""",223,6000,18.0,8.9,1126.0,2.0
Vivo X200 Pro,16GB,256GB,8.6,"6.8""",223,6000,14.0,9.1,,
Vivo X200 Pro,16GB,512GB,9.4,"6.8""",223,6000,7.0,9.7,945.0,5.0
Vivo X200 Pro Mini,12GB,256GB,9.3,"6.3""",187,5700,1.0,--,773.0,4.0
Vivo X200 Pro Mini,16GB,1TB,9.2,"6.3""",187,5700,10.0,9.5,942.0,4.0
Vivo X200 Pro Mini,16GB,512GB,9.2,"6.3""",187,5700,24.0,8.8,863.0,4.0
Vivo X90,12GB,256GB,8.1,"6.8""",200,4810,3.0,--,,
Vivo X90,12GB,256GB,8.6,"6.8""",200,4810,15.0,9.0,706.0,2.0
Vivo X90,12GB,512GB,8.6,"6.8""",200,4810,15.0,9.0,814.0,2.0
Vivo X90,8GB,256GB,8.6,"6.8""",200,4810,15.0,9.0,646.0,2.0
Vivo X90 Pro,12GB,256GB,8.8,"6.8""",215,4870,57.0,9.2,713.0,3.0
Vivo X90 Pro,12GB,256GB,8.6,"6.8""",215,4870,21.0,9.5,,
Vivo X90 Pro,12GB,512GB,8.7,"6.8""",215,4870,1.0,--,793.0,3.0
Vivo X90 Pro,8GB,256GB,8.6,"6.8""",215,4870,49.0,8.9,806.0,2.0
Vivo X90 Pro+,12GB,256GB,8.8,"6.8""",221,4700,2.0,--,803.0,3.0
Vivo X90 Pro+,12GB,512GB,8.8,"6.8""",221,4700,2.0,--,893.0,3.0
Vivo X90S,12GB,256GB,8.7,"6.8""",198,4810,61.0,8.8,633.0,2.0
Vivo X90S,12GB,512GB,8.7,"6.8""",198,4810,45.0,8.6,683.0,2.0
Vivo X90S,8GB,256GB,8.7,"6.8""",198,4810,61.0,8.8,583.0,3.0
Vivo iQOO 12,12GB,256GB,8.9,"6.8""",204,5000,77.0,9.1,613.0,3.0
Vivo iQOO 12,12GB,256GB,8.1,"6.8""",204,5000,,,,
Vivo iQOO 12,12GB,512GB,8.9,"6.8""",204,5000,15.0,8.9,646.0,1.0
Vivo iQOO 12,16GB,1TB,8.9,"6.8""",204,5000,77.0,9.1,703.0,3.0
Vivo iQOO 12,16GB,512GB,8.9,"6.8""",204,5000,77.0,9.1,663.0,3.0
Vivo iQOO 12,16GB,512GB,8.7,"6.8""",204,5000,58.0,9.4,1042.0,1.0
Vivo iQOO 12 Pro,16GB,1TB,8.9,"6.8""",210,5100,15.0,9.1,893.0,3.0
Vivo iQOO 12 Pro,16GB,256GB,9.0,"6.8""",210,5100,22.0,9.0,753.0,3.0
Vivo iQOO 12 Pro,16GB,512GB,8.9,"6.8""",210,5100,66.0,9.1,843.0,3.0
Vivo iQOO Neo9S Pro,12GB,256GB,8.8,"6.8""",196,5100,43.0,8.5,485.0,2.0
Vivo iQOO Neo9S Pro,12GB,512GB,8.8,"6.8""",196,5100,56.0,8.1,535.0,2.0
Vivo iQOO Neo9S Pro,16GB,1TB,8.8,"6.8""",196,5100,56.0,8.1,612.0,2.0
Vivo iQOO Neo9S Pro,16GB,512GB,8.8,"6.8""",196,5100,59.0,8.8,562.0,2.0
Vivo iQOO Z7 Pro,8GB,256GB,8.1,"6.8""",175,4600,,,,
Vivo iQOO Z9 Turbo+,12GB,256GB,8.7,"6.8""",196,6400,6.0,8.0,353.0,3.0
Vivo iQOO Z9 Turbo+,12GB,512GB,8.7,"6.8""",196,6400,22.0,9.1,464.0,2.0
Vivo iQOO Z9 Turbo+,16GB,256GB,8.7,"6.8""",196,6400,19.0,9.6,448.0,2.0
Vivo iQOO Z9 Turbo+,16GB,512GB,8.7,"6.8""",196,6400,19.0,9.6,463.0,3.0
Xiaomi 11 Lite 5G NE,6GB,128GB,8.0,"6.6""",158,4250,,,264.0,4.0
Xiaomi 11 Lite 5G NE,8GB,128GB,8.1,"6.6""",158,4250,12.0,9.6,351.0,2.0
Xiaomi 11 Lite 5G NE,8GB,256GB,8.1,"6.6""",158,4250,12.0,9.6,299.0,2.0
Xiaomi 11T,8GB,128GB,8.1,"6.7""",203,5000,29.0,8.5,229.0,3.0
Xiaomi 11T,8GB,256GB,8.1,"6.7""",203,5000,50.0,9.4,398.0,4.0
Xiaomi 11T Pro,8GB,128GB,8.3,"6.7""",204,5000,65.0,8.5,229.0,3.0
Xiaomi 11T Pro,8GB,256GB,8.3,"6.7""",204,5000,65.0,8.5,248.0,5.0
Xiaomi 12,12GB,256GB,8.8,"6.3""",180,4500,3.0,--,266.0,4.0
Xiaomi 12,12GB,256GB,8.4,"6.3""",180,4500,1.0,--,533.0,1.0
Xiaomi 12,8GB,128GB,8.4,"6.3""",180,4500,1.0,--,433.0,1.0
Xiaomi 12,8GB,128GB,8.7,"6.3""",180,4500,25.0,9.6,248.0,9.0
Xiaomi 12,8GB,256GB,8.8,"6.3""",180,4500,1.0,--,264.0,11.0
Xiaomi 12,8GB,256GB,8.4,"6.3""",180,4500,49.0,8.9,473.0,1.0
Xiaomi 12 Lite,6GB,128GB,8.1,"6.6""",173,4300,71.0,9.1,169.0,9.0
Xiaomi 12 Lite,8GB,128GB,8.1,"6.6""",173,4300,30.0,9.3,175.0,10.0
Xiaomi 12 Lite,8GB,256GB,8.2,"6.6""",173,4300,11.0,8.0,203.0,9.0
Xiaomi 12 Pro,12GB,256GB,8.5,"6.7""",205,4600,1.0,--,503.0,1.0
Xiaomi 12 Pro,12GB,256GB,8.9,"6.7""",205,4600,25.0,9.6,372.0,9.0
Xiaomi 12 Pro,8GB,128GB,8.5,"6.7""",205,4600,1.0,--,453.0,1.0
Xiaomi 12 Pro,8GB,256GB,8.8,"6.7""",205,4600,1.0,--,353.0,4.0
Xiaomi 12 Pro,8GB,256GB,8.5,"6.7""",205,4600,1.0,--,473.0,1.0
Xiaomi 12S,12GB,256GB,8.4,"6.3""",182,4500,29.0,8.7,523.0,1.0
Xiaomi 12S,12GB,512GB,8.4,"6.3""",182,4500,29.0,8.7,553.0,1.0
Xiaomi 12S,8GB,256GB,8.4,"6.3""",182,4500,29.0,8.7,483.0,1.0
Xiaomi 12S Pro,12GB,256GB,8.5,"6.7""",204,4600,1.0,--,593.0,1.0
Xiaomi 12S Pro,12GB,512GB,8.5,"6.7""",204,4600,1.0,--,643.0,1.0
Xiaomi 12S Pro,8GB,256GB,8.5,"6.7""",204,4600,8.0,8.8,513.0,1.0
Xiaomi 12S Ultra,12GB,256GB,8.5,"6.7""",225,4860,1.0,--,753.0,1.0
Xiaomi 12S Ultra,12GB,512GB,8.5,"6.7""",225,4860,1.0,--,843.0,1.0
Xiaomi 12S Ultra,8GB,256GB,8.5,"6.7""",225,4860,1.0,--,743.0,1.0
Xiaomi 12T,8GB,128GB,8.4,"6.7""",202,5000,13.0,8.4,299.0,6.0
Xiaomi 12T,8GB,256GB,8.5,"6.7""",202,5000,59.0,9.2,299.0,11.0
Xiaomi 12T Pro,12GB,256GB,8.8,"6.7""",205,5000,24.0,8.8,465.0,5.0
Xiaomi 12T Pro,8GB,256GB,8.7,"6.7""",205,5000,6.0,9.5,359.0,7.0
Xiaomi 12X,12GB,256GB,8.3,"6.3""",176,4500,265.0,8.8,453.0,1.0
Xiaomi 12X,8GB,128GB,8.2,"6.3""",176,4500,32.0,8.9,443.0,1.0
Xiaomi 12X,8GB,128GB,8.5,"6.3""",176,4500,5.0,9.2,299.0,5.0
Xiaomi 12X,8GB,256GB,8.6,"6.3""",176,4500,1.0,--,252.0,6.0
Xiaomi 12X,8GB,256GB,8.3,"6.3""",176,4500,265.0,8.8,383.0,1.0
Xiaomi 13,12GB,256GB,8.6,"6.4""",189,4500,59.0,9.2,553.0,3.0
Xiaomi 13,12GB,256GB,8.8,"6.4""",189,4500,25.0,9.6,724.0,1.0
Xiaomi 13,12GB,512GB,8.6,"6.4""",189,4500,25.0,9.6,609.0,3.0
Xiaomi 13,8GB,256GB,8.5,"6.4""",189,4500,1.0,--,513.0,1.0
Xiaomi 13,8GB,256GB,9.0,"6.4""",189,4500,6.0,9.9,442.0,10.0
Xiaomi 13 Lite,8GB,128GB,8.4,"6.6""",171,4500,9.0,9.2,359.0,7.0
Xiaomi 13 Lite,8GB,256GB,8.4,"6.6""",171,4500,47.0,8.7,379.0,3.0
Xiaomi 13 Pro,12GB,256GB,9.3,"6.7""",210,4820,1.0,--,547.0,7.0
Xiaomi 13 Pro,12GB,256GB,8.7,"6.7""",210,4820,1.0,--,743.0,1.0
Xiaomi 13 Pro,12GB,512GB,8.7,"6.7""",210,4820,1.0,--,803.0,1.0
Xiaomi 13 Pro,12GB,512GB,8.3,"6.7""",210,4820,124.0,9.5,,
Xiaomi 13 Pro,8GB,128GB,8.8,"6.7""",210,4820,2.0,--,603.0,1.0
Xiaomi 13 Pro,8GB,256GB,8.8,"6.7""",210,4820,57.0,9.2,653.0,1.0
Xiaomi 13 Ultra,12GB,256GB,8.8,"6.7""",227,5000,10.0,9.3,689.0,4.0
Xiaomi 13 Ultra,12GB,512GB,9.1,"6.7""",227,5000,1.0,--,709.0,3.0
Xiaomi 13 Ultra,12GB,512GB,8.1,"6.7""",227,5000,,,,
Xiaomi 13 Ultra,16GB,1TB,8.9,"6.7""",227,5000,4.0,--,811.0,3.0
Xiaomi 13 Ultra,16GB,512GB,8.9,"6.7""",227,5000,4.0,--,776.0,3.0
Xiaomi 13T,12GB,256GB,8.8,"6.7""",197,5000,2.0,--,364.0,10.0
Xiaomi 13T,8GB,256GB,8.7,"6.7""",197,5000,26.0,9.1,323.0,15.0
Xiaomi 13T Pro,12GB,256GB,8.9,"6.7""",206,5000,1.0,--,647.0,1.0
Xiaomi 13T Pro,12GB,512GB,9.1,"6.7""",206,5000,72.0,9.0,449.0,18.0
Xiaomi 13T Pro,16GB,1TB,9.2,"6.7""",206,5000,1.0,--,549.0,7.0
Xiaomi 14,12GB,256GB,9.1,"6.4""",193,4610,3.0,--,599.0,10.0
Xiaomi 14,12GB,256GB,8.8,"6.4""",193,4610,72.0,9.0,593.0,5.0
Xiaomi 14,12GB,512GB,9.2,"6.4""",193,4610,9.0,9.1,629.0,18.0
Xiaomi 14,12GB,512GB,8.1,"6.4""",193,4610,,,,
Xiaomi 14,16GB,1TB,8.8,"6.4""",193,4610,72.0,9.0,723.0,2.0
Xiaomi 14,16GB,512GB,8.9,"6.4""",193,4610,72.0,9.1,643.0,3.0
Xiaomi 14,8GB,256GB,8.8,"6.4""",193,4610,34.0,8.8,583.0,2.0
Xiaomi 14 Pro,12GB,256GB,9.0,"6.7""",223,4880,1.0,--,673.0,3.0
Xiaomi 14 Pro,16GB,1TB,9.0,"6.7""",223,4880,1.0,--,773.0,3.0
Xiaomi 14 Pro,16GB,512GB,9.0,"6.7""",223,4880,8.0,8.8,733.0,2.0
Xiaomi 14 Ultra,12GB,256GB,9.1,"6.7""",224,5300,4.0,--,773.0,4.0
Xiaomi 14 Ultra,16GB,1TB,9.0,"6.7""",224,5300,16.0,9.4,1039.0,3.0
Xiaomi 14 Ultra,16GB,512GB,9.1,"6.7""",224,5300,3.0,--,873.0,4.0
Xiaomi 14 Ultra,16GB,512GB,9.4,"6.7""",220,5000,15.0,9.1,953.0,17.0
Xiaomi 14T,12GB,256GB,9.3,"6.7""",195,5000,9.0,9.1,383.0,23.0
Xiaomi 14T,12GB,512GB,9.3,"6.7""",195,5000,1.0,--,529.0,11.0
Xiaomi 14T Pro,12GB,1TB,9.3,"6.7""",209,5000,1.0,--,601.0,19.0
Xiaomi 14T Pro,12GB,256GB,9.1,"6.7""",209,5000,3.0,--,631.0,6.0
Xiaomi 14T Pro,12GB,512GB,9.3,"6.7""",209,5000,17.0,9.7,545.0,22.0
Xiaomi 15,12GB,256GB,9.1,"6.4""",189,5400,2.0,--,723.0,3.0
Xiaomi 15,12GB,512GB,9.1,"6.4""",189,5400,1.0,--,773.0,3.0
Xiaomi 15,16GB,1TB,9.1,"6.4""",189,5400,313.0,9.1,873.0,3.0
Xiaomi 15,16GB,512GB,9.1,"6.4""",189,5400,32.0,9.5,823.0,3.0
Xiaomi 15 Pro,12GB,256GB,9.7,"6.7""",213,6100,2.0,--,873.0,4.0
Xiaomi 15 Pro,16GB,1TB,9.4,"6.7""",213,6100,10.0,9.5,1053.0,4.0
Xiaomi 15 Pro,16GB,512GB,9.5,"6.7""",213,6100,18.0,8.9,963.0,4.0
Xiaomi Civi 2,8GB,256GB,8.0,"6.6""",172,4500,,,373.0,2.0
Xiaomi Civi 3,12GB,256GB,8.2,"6.6""",174,4500,12.0,9.3,451.0,2.0
Xiaomi Civi 3,12GB,512GB,8.3,"6.6""",174,4500,17.0,9.6,477.0,2.0
Xiaomi Civi 3,16GB,1TB,8.4,"6.6""",174,4500,45.0,8.6,523.0,2.0
Xiaomi Civi 4 Pro,12GB,256GB,8.8,"6.6""",179,4700,6.0,8.0,493.0,2.0
Xiaomi Civi 4 Pro,12GB,512GB,8.8,"6.6""",179,4700,49.0,9.0,563.0,1.0
Xiaomi Civi 4 Pro,16GB,512GB,8.7,"6.6""",179,4700,177.0,9.1,633.0,1.0
Xiaomi MI 11i,8GB,128GB,8.2,"6.7""",196,4520,265.0,8.8,249.0,2.0
Xiaomi MI 11i,8GB,256GB,8.3,"6.7""",196,4520,53.0,9.3,229.0,3.0
Xiaomi Mi 10,8GB,128GB,8.3,"6.7""",208,4780,59.0,9.1,216.0,3.0
Xiaomi Mi 10,8GB,256GB,8.3,"6.7""",208,4780,59.0,9.1,239.0,1.0
Xiaomi Mi 10T Pro,8GB,128GB,8.0,"6.7""",218,5000,,,202.0,7.0
Xiaomi Mi 10T Pro,8GB,256GB,8.0,"6.7""",218,5000,,,268.0,5.0
Xiaomi Mi 11,8GB,256GB,8.6,"6.8""",196,4600,1.0,--,279.0,3.0
Xiaomi Mi 11 Ultra,12GB,256GB,8.9,"6.8""",234,5000,5.0,9.6,409.0,1.0
Xiaomi Mi 11 Ultra,12GB,256GB,8.0,"6.8""",234,5000,,,,
Xiaomi Mi 11 Ultra,12GB,512GB,8.7,"6.8""",234,5000,2.0,--,435.0,1.0
Xiaomi Mi 11 Ultra,8GB,256GB,8.6,"6.8""",234,5000,1.0,--,379.0,1.0
Xiaomi Mix Flip,12GB,256GB,8.6,"6.9""",190,4780,10.0,9.3,873.0,3.0
Xiaomi Mix Flip,12GB,512GB,8.5,"6.9""",190,4780,4.0,--,1023.0,3.0
Xiaomi Mix Flip,12GB,512GB,8.7,"6.9""",192,4780,19.0,9.6,873.0,15.0
Xiaomi Mix Flip,16GB,1TB,8.4,"6.9""",190,4780,3.0,--,1193.0,3.0
Xiaomi Mix Fold 3,12GB,256GB,8.1,"6.6""",255,4500,,,1043.0,2.0
Xiaomi Mix Fold 4,12GB,256GB,8.5,"6.6""",226,5100,2.0,--,1253.0,2.0
Xiaomi Mix Fold 4,16GB,1TB,8.4,"6.6""",226,5100,26.0,8.9,1501.0,3.0
Xiaomi Mix Fold 4,16GB,512GB,8.5,"6.6""",226,5100,2.0,--,1380.0,3.0
Xiaomi Redmi K40S,12GB,256GB,8.1,"6.7""",195,4500,13.0,9.1,416.0,1.0
Xiaomi Redmi K50 Gaming Edition,12GB,256GB,8.1,"6.7""",210,4700,50.0,9.4,,
Xiaomi Redmi K60,12GB,512GB,8.4,"6.7""",205,5500,2.0,--,353.0,1.0
Xiaomi Redmi K60 Extreme Edition,12GB,256GB,8.6,"6.7""",204,5000,68.0,8.7,383.0,1.0
Xiaomi Redmi K60 Extreme Edition,16GB,1TB,8.7,"6.7""",204,5000,5.0,8.7,523.0,1.0
Xiaomi Redmi K60 Extreme Edition,16GB,256GB,8.7,"6.7""",204,5000,1.0,--,413.0,1.0
Xiaomi Redmi K60 Extreme Edition,16GB,512GB,8.7,"6.7""",204,5000,1.0,--,443.0,1.0
Xiaomi Redmi K60 Extreme Edition,24GB,1TB,8.7,"6.7""",204,5000,26.0,9.1,583.0,1.0
Xiaomi Redmi K60 Pro,12GB,256GB,8.4,"6.7""",205,5000,1.0,--,543.0,1.0
Xiaomi Redmi K60 Pro,12GB,512GB,8.4,"6.7""",205,5000,1.0,--,583.0,1.0
Xiaomi Redmi K60 Pro,8GB,256GB,8.4,"6.7""",205,5000,2.0,--,473.0,1.0
Xiaomi Redmi K70,12GB,256GB,8.6,"6.7""",209,5000,34.0,9.0,424.0,1.0
Xiaomi Redmi K70,16GB,1TB,8.7,"6.7""",209,5000,4.0,--,586.0,1.0
Xiaomi Redmi K70,16GB,256GB,8.7,"6.7""",209,5000,30.0,9.3,400.0,3.0
Xiaomi Redmi K70,16GB,512GB,8.7,"6.7""",209,5000,51.0,9.1,453.0,2.0
Xiaomi Redmi K70 Pro,12GB,256GB,8.9,"6.7""",209,5000,43.0,8.5,413.0,3.0
Xiaomi Redmi K70 Pro,16GB,256GB,8.9,"6.7""",209,5000,46.0,8.2,463.0,2.0
Xiaomi Redmi K70 Pro,16GB,512GB,8.9,"6.7""",209,5000,65.0,8.8,513.0,2.0
Xiaomi Redmi K70 Pro,24GB,1TB,8.8,"6.7""",209,5000,72.0,9.0,633.0,2.0
Xiaomi Redmi K70 Ultra,12GB,256GB,9.1,"6.7""",211,5500,1.0,--,393.0,4.0
Xiaomi Redmi K70 Ultra,12GB,512GB,9.0,"6.7""",211,5500,6.0,9.2,473.0,4.0
Xiaomi Redmi K70 Ultra,16GB,1TB,9.0,"6.7""",211,5500,4.0,--,596.0,3.0
Xiaomi Redmi K70 Ultra,16GB,512GB,9.0,"6.7""",211,5500,6.0,9.2,513.0,4.0
Xiaomi Redmi K70 Ultra,24GB,1TB,9.0,"6.7""",211,5500,4.0,--,633.0,3.0
Xiaomi Redmi K70E,12GB,256GB,8.4,"6.7""",198,5500,19.0,9.6,337.0,2.0
Xiaomi Redmi K70E,12GB,512GB,8.4,"6.7""",198,5500,41.0,8.9,378.0,1.0
Xiaomi Redmi K70E,16GB,1TB,8.4,"6.7""",198,5500,41.0,8.9,412.0,1.0
Xiaomi Redmi Note 12 Pro,12GB,256GB,8.0,"6.7""",187,5000,,,220.0,2.0
Xiaomi Redmi Note 12 Pro,8GB,256GB,8.0,"6.7""",187,5000,,,230.0,1.0
Xiaomi Redmi Note 12 Pro 5G,6GB,128GB,8.1,"6.7""",187,5000,1.0,--,,
Xiaomi Redmi Note 12 Pro 5G,6GB,128GB,8.3,"6.7""",187,5000,11.0,8.1,197.0,7.0
Xiaomi Redmi Note 12 Pro 5G,8GB,128GB,8.3,"6.7""",187,5000,6.0,9.5,193.0,7.0
Xiaomi Redmi Note 12 Pro 5G,8GB,256GB,8.3,"6.7""",187,5000,4.0,--,211.0,15.0
Xiaomi Redmi Note 12 Pro Speed Edition,12GB,256GB,8.0,"6.7""",181,5000,,,,
Xiaomi Redmi Note 12 Pro Speed Edition,8GB,256GB,8.0,"6.7""",181,5000,,,,
Xiaomi Redmi Note 12 Pro+,12GB,256GB,8.1,"6.7""",208,5000,11.0,8.0,250.0,1.0
Xiaomi Redmi Note 12 Pro+ 5G,8GB,256GB,8.5,"6.7""",208,5000,35.0,9.1,230.0,13.0
Xiaomi Redmi Note 12 Turbo,12GB,256GB,8.3,"6.7""",181,5000,20.0,8.6,220.0,3.0
Xiaomi Redmi Note 12 Turbo,12GB,512GB,8.3,"6.7""",181,5000,5.0,9.0,230.0,4.0
Xiaomi Redmi Note 12 Turbo,8GB,256GB,8.2,"6.7""",181,5000,10.0,7.9,215.0,1.0
Xiaomi Redmi Note 13 5G,8GB,256GB,8.1,"6.7""",174,5000,,,172.0,21.0
Xiaomi Redmi Note 13 Pro,12GB,256GB,8.1,"6.7""",187,5100,3.0,--,343.0,1.0
Xiaomi Redmi Note 13 Pro,12GB,512GB,8.2,"6.7""",187,5100,2.0,--,284.0,3.0
Xiaomi Redmi Note 13 Pro,16GB,512GB,8.2,"6.7""",187,5100,2.0,--,389.0,1.0
Xiaomi Redmi Note 13 Pro,8GB,128GB,8.1,"6.7""",187,5100,,,314.0,1.0
Xiaomi Redmi Note 13 Pro,8GB,256GB,8.2,"6.7""",187,5100,4.0,--,326.0,1.0
Xiaomi Redmi Note 13 Pro 4G,12GB,512GB,8.4,"6.7""",187,5000,33.0,9.0,219.0,22.0
Xiaomi Redmi Note 13 Pro 4G,8GB,128GB,8.2,"6.7""",187,5000,3.0,--,199.0,3.0
Xiaomi Redmi Note 13 Pro 4G,8GB,256GB,8.3,"6.7""",187,5000,3.0,--,165.0,25.0
Xiaomi Redmi Note 13 Pro 5G,12GB,256GB,8.6,"6.7""",187,5100,46.0,9.5,,
Xiaomi Redmi Note 13 Pro 5G,12GB,512GB,8.6,"6.7""",187,5100,58.0,9.4,279.0,20.0
Xiaomi Redmi Note 13 Pro 5G,8GB,128GB,8.5,"6.7""",187,5100,35.0,9.2,228.0,12.0
Xiaomi Redmi Note 13 Pro 5G,8GB,256GB,8.6,"6.7""",187,5100,40.0,9.1,228.0,26.0
Xiaomi Redmi Note 13 Pro+,12GB,256GB,8.2,"6.7""",204,5000,21.0,8.7,315.0,4.0
Xiaomi Redmi Note 13 Pro+,12GB,512GB,8.2,"6.7""",204,5000,43.0,9.2,325.0,5.0
Xiaomi Redmi Note 13 Pro+,12GB,512GB,8.7,"6.7""",204,5000,58.0,9.4,305.0,26.0
Xiaomi Redmi Note 13 Pro+,16GB,512GB,8.2,"6.7""",204,5000,2.0,--,412.0,1.0
Xiaomi Redmi Note 13 Pro+,8GB,256GB,8.6,"6.7""",204,5000,51.0,9.1,261.0,25.0
Xiaomi Redmi Note 14 Pro,12GB,256GB,8.2,"6.7""",190,5500,27.0,8.7,338.0,2.0
Xiaomi Redmi Note 14 Pro,12GB,512GB,8.2,"6.7""",190,5500,89.0,9.3,367.0,2.0
Xiaomi Redmi Note 14 Pro,8GB,128GB,8.2,"6.7""",190,5500,89.0,9.3,287.0,2.0
Xiaomi Redmi Note 14 Pro,8GB,256GB,8.2,"6.7""",190,5500,89.0,9.3,301.0,2.0
Xiaomi Redmi Note 14 Pro+,12GB,256GB,8.5,"6.7""",211,6200,19.0,9.6,366.0,2.0
Xiaomi Redmi Note 14 Pro+,12GB,512GB,8.5,"6.7""",211,6200,31.0,9.1,388.0,2.0
Xiaomi Redmi Note 14 Pro+,16GB,512GB,8.6,"6.7""",211,6200,1.0,--,421.0,2.0
Xiaomi Redmi Turbo 3,12GB,256GB,8.5,"6.7""",179,5000,47.0,8.7,273.0,3.0
Xiaomi Redmi Turbo 3,12GB,512GB,8.5,"6.7""",179,5000,70.0,8.5,424.0,1.0
Xiaomi Redmi Turbo 3,16GB,1TB,8.5,"6.7""",179,5000,42.0,9.1,443.0,2.0
Xiaomi Redmi Turbo 3,16GB,512GB,8.5,"6.7""",179,5000,42.0,9.1,343.0,3.0
ZTE Axon 30 Ultra,12GB,256GB,8.1,"6.7""",188,4600,5.0,9.3,,
ZTE Axon 40 Pro,12GB,256GB,8.3,"6.7""",199,5000,34.0,9.0,345.0,1.0
ZTE Axon 40 Ultra,12GB,256GB,8.0,"6.8""",204,5000,,,949.0,1.0
ZTE Axon 40 Ultra,8GB,128GB,8.3,"6.8""",204,5000,47.0,8.7,385.0,2.0
ZTE Axon 40 Ultra Space Edition,12GB,512GB,8.5,"6.8""",204,5000,8.0,8.8,,
ZTE Axon 40 Ultra Space Edition,18GB,1TB,8.6,"6.8""",204,5000,15.0,9.0,380.0,2.0
ZTE Axon 60 Ultra,16GB,1TB,8.6,"6.8""",228,6000,10.0,9.3,,
ZTE Axon A41 Ultra,12GB,256GB,8.5,"6.7""",199,5000,3.0,--,240.0,1.0
ZTE Axon A41 Ultra,12GB,512GB,8.6,"6.7""",199,5000,14.0,8.8,239.0,2.0
ZTE Axon A41 Ultra,8GB,256GB,8.5,"6.7""",199,5000,7.0,9.7,205.0,3.0
iiiF150 B2 Ultra,12GB,256GB,8.1,"6.8""",465,15000,,,215.0,8.0
nubia Z60 Ultra,12GB,256GB,8.8,"6.8""",246,6000,86.0,8.9,673.0,2.0
nubia Z60 Ultra,12GB,256GB,9.1,"6.8""",246,6000,124.0,9.5,609.0,8.0
nubia Z60 Ultra,12GB,512GB,8.3,"6.8""",246,6000,3.0,--,,
nubia Z60 Ultra,16GB,1TB,8.8,"6.8""",246,6000,86.0,8.9,803.0,3.0
nubia Z60 Ultra,16GB,1TB,9.1,"6.8""",246,6000,25.0,9.6,,
nubia Z60 Ultra,16GB,512GB,8.8,"6.8""",246,6000,86.0,8.9,733.0,3.0
nubia Z60 Ultra,16GB,512GB,9.2,"6.8""",246,6000,14.0,9.7,574.0,10.0
nubia Z60 Ultra,8GB,256GB,9.1,"6.8""",246,6000,26.0,9.1,,
nubia Z60 Ultra Leading Version,12GB,256GB,9.4,"6.8""",246,6000,2.0,--,552.0,3.0
nubia Z60 Ultra Leading Version,12GB,256GB,9.0,"6.8""",246,6000,7.0,9.5,731.0,1.0
nubia Z60 Ultra Leading Version,16GB,1TB,9.4,"6.8""",246,6000,1.0,--,696.0,1.0
nubia Z60 Ultra Leading Version,16GB,1TB,9.0,"6.8""",246,6000,2.0,--,874.0,1.0
nubia Z60 Ultra Leading Version,16GB,512GB,9.4,"6.8""",246,6000,1.0,--,618.0,3.0
nubia Z60 Ultra Leading Version,16GB,512GB,9.0,"6.8""",246,6000,6.0,9.2,796.0,1.0
nubia Z60 Ultra Leading Version,24GB,1TB,8.9,"6.8""",246,6000,8.0,9.3,968.0,1.0
nubia Z60 Ultra Leading Version,8GB,256GB,9.4,"6.8""",246,6000,2.0,--,518.0,1.0
nubia Z60 Ultra Year of the dragon,24GB,1TB,8.7,"6.8""",246,6000,17.0,9.6,998.0,1.0
nubia Z60S Pro,12GB,256GB,9.3,"6.8""",220,5100,19.0,8.6,346.0,7.0
nubia Z60S Pro,12GB,256GB,8.1,"6.8""",220,5100,,,,
nubia Z60S Pro,16GB,1TB,8.2,"6.8""",220,5100,1.0,--,,
nubia Z60S Pro,16GB,1TB,9.3,"6.8""",220,5100,8.0,9.6,470.0,3.0
nubia Z60S Pro,16GB,512GB,9.3,"6.8""",220,5100,7.0,9.7,402.0,8.0
nubia Z60S Pro,16GB,512GB,8.2,"6.8""",220,5100,,,,
nubia Z60S Pro,8GB,256GB,9.0,"6.8""",220,5100,124.0,9.5,,
realme 10 Pro+ 5G,8GB,128GB,8.1,"6.7""",173,5000,1.0,--,,
realme 11 Pro,8GB,128GB,8.1,"6.7""",185,5000,,,299.0,3.0
realme 11 Pro,8GB,256GB,8.1,"6.7""",185,5000,,,300.0,6.0
realme 11 Pro+,12GB,1TB,8.1,"6.7""",183,5000,,,430.0,1.0
realme 11 Pro+,12GB,256GB,8.5,"6.7""",189,5000,58.0,9.2,314.0,1.0
realme 11 Pro+,12GB,512GB,8.5,"6.7""",189,5000,36.0,9.0,378.0,7.0
realme 12 Pro,12GB,256GB,8.4,"6.7""",190,5000,4.0,--,309.0,7.0
realme 12 Pro,12GB,512GB,8.4,"6.7""",190,5000,2.0,--,359.0,2.0
realme 12 Pro,8GB,256GB,8.3,"6.7""",190,5000,1.0,--,257.0,12.0
realme 12 Pro+,12GB,256GB,8.6,"6.7""",196,5000,20.0,8.6,394.0,1.0
realme 12 Pro+,12GB,256GB,8.1,"6.7""",196,5000,,,353.0,2.0
realme 12 Pro+,12GB,512GB,8.2,"6.7""",196,5000,2.0,--,386.0,3.0
realme 12 Pro+,12GB,512GB,8.6,"6.7""",196,5000,20.0,8.6,340.0,15.0
realme 12 Pro+,8GB,256GB,8.2,"6.7""",196,5000,1.0,--,212.0,2.0
realme 12 Pro+,8GB,256GB,8.6,"6.7""",196,5000,14.0,9.1,298.0,7.0
realme 12+ 5G,12GB,256GB,8.3,"6.7""",190,5000,10.0,8.6,249.0,8.0
realme 12+ 5G,12GB,512GB,8.1,"6.7""",190,5000,,,252.0,12.0
realme 12+ 5G,8GB,256GB,8.1,"6.7""",190,5000,,,218.0,8.0
realme 13 Pro 5G,12GB,512GB,8.4,"6.7""",188,5200,59.0,9.2,311.0,6.0
realme 13 Pro 5G,8GB,256GB,8.3,"6.7""",188,5200,128.0,8.4,280.0,6.0
realme 13 Pro Extreme Edition,12GB,256GB,8.1,"6.7""",188,5200,,,386.0,2.0
realme 13 Pro Extreme Edition,12GB,512GB,8.1,"6.7""",188,5200,,,434.0,2.0
realme 13 Pro+,12GB,256GB,8.6,"6.7""",185,5200,10.0,9.3,369.0,2.0
realme 13 Pro+,12GB,512GB,8.6,"6.7""",185,5200,4.0,--,366.0,8.0
realme 13 Pro+,8GB,256GB,8.5,"6.7""",185,5200,7.0,9.3,315.0,5.0
realme 13+,12GB,256GB,8.3,"6.7""",185,5000,49.0,8.9,299.0,2.0
realme 9 Pro+,8GB,256GB,8.0,"6.4""",182,4500,,,319.0,1.0
realme GT 2,12GB,256GB,8.4,"6.6""",194,5000,4.0,--,675.0,1.0
realme GT 2,8GB,128GB,8.3,"6.6""",194,5000,68.0,8.7,429.0,2.0
realme GT 2 Pro,12GB,256GB,8.6,"6.7""",189,5000,1.0,--,509.0,4.0
realme GT 2 Pro,8GB,128GB,8.6,"6.7""",189,5000,10.0,8.6,653.0,3.0
realme GT 5G,8GB,128GB,8.0,"6.4""",186,4500,,,379.0,4.0
realme GT 6,12GB,256GB,9.6,"6.8""",199,5500,1.0,--,484.0,6.0
realme GT 6,16GB,512GB,9.9,"6.8""",199,5500,29.0,9.6,512.0,14.0
realme GT 6,8GB,256GB,9.6,"6.8""",199,5500,2.0,--,418.0,10.0
realme GT 6T,12GB,256GB,8.9,"6.8""",191,5500,43.0,8.5,369.0,6.0
realme GT 6T,8GB,256GB,8.9,"6.8""",191,5500,13.0,9.3,318.0,12.0
realme GT Neo 2,12GB,256GB,8.0,"6.6""",200,5000,,,299.0,1.0
realme GT Neo 3,12GB,256GB,8.4,"6.7""",188,4500,43.0,8.5,415.0,4.0
realme GT Neo 3,8GB,128GB,8.4,"6.7""",188,5000,13.0,8.4,399.0,1.0
realme GT Neo 3,8GB,256GB,8.4,"6.7""",188,5000,12.0,8.7,777.0,1.0
realme GT Neo 3T,8GB,256GB,8.1,"6.6""",195,5000,,,,
realme GT Neo6,12GB,256GB,8.5,"6.8""",191,5500,30.0,9.3,386.0,2.0
realme GT Neo6,16GB,1TB,8.6,"6.8""",191,5500,12.0,8.7,518.0,2.0
realme GT Neo6,16GB,256GB,8.5,"6.8""",191,5500,61.0,8.8,418.0,2.0
realme GT Neo6,16GB,512GB,8.5,"6.8""",191,5500,10.0,8.8,467.0,2.0
realme GT Neo6 SE,12GB,256GB,8.4,"6.8""",191,5500,20.0,8.6,368.0,2.0
realme GT Neo6 SE,16GB,256GB,8.5,"6.8""",191,5500,70.0,8.5,377.0,1.0
realme GT Neo6 SE,16GB,512GB,8.5,"6.8""",191,5500,42.0,9.1,418.0,2.0
realme GT3,16GB,1TB,8.4,"6.7""",199,4600,29.0,9.1,755.0,1.0
realme GT5,24GB,1TB,8.4,"6.7""",205,4600,17.0,9.6,793.0,1.0
realme GT5 Pro,12GB,256GB,8.9,"6.8""",218,5400,77.0,9.1,,
realme GT5 Pro,16GB,1TB,8.1,"6.8""",218,5400,,,,
realme GT5 Pro,16GB,256GB,8.1,"6.8""",218,5400,,,,
realme GT5 Pro,16GB,512GB,8.1,"6.8""",218,5400,,,,
realme GT6 CN,12GB,256GB,9.0,"6.8""",207,5800,21.0,8.7,498.0,2.0
realme GT6 CN,16GB,1TB,9.0,"6.8""",207,5800,6.0,9.2,669.0,2.0
realme GT6 CN,16GB,256GB,9.0,"6.8""",207,5800,24.0,8.8,544.0,2.0
realme GT6 CN,16GB,512GB,9.0,"6.8""",207,5800,3.0,--,579.0,3.0
realme GT7 Pro,12GB,256GB,9.6,"6.8""",223,6500,29.0,9.6,603.0,2.0
realme GT7 Pro,12GB,512GB,9.5,"6.8""",223,6500,1.0,--,683.0,2.0
realme GT7 Pro,16GB,1TB,9.3,"6.8""",223,6500,8.0,9.6,833.0,2.0
realme GT7 Pro,16GB,256GB,9.3,"6.8""",223,6500,9.0,9.1,838.0,1.0
realme GT7 Pro,16GB,512GB,9.4,"6.8""",223,6500,3.0,--,733.0,2.0
realme Narzo 70 Pro 5G,8GB,128GB,8.2,"6.7""",195,5000,4.0,--,,
realme Narzo 70 Pro 5G,8GB,256GB,8.2,"6.7""",195,5000,1.0,--,,
vivo S18,12GB,256GB,8.3,"6.8""",186,5000,5.0,9.5,469.0,1.0
vivo S18,12GB,512GB,8.3,"6.8""",186,5000,2.0,--,502.0,1.0
vivo S18,8GB,256GB,8.3,"6.8""",186,5000,1.0,--,419.0,1.0
vivo S18 Pro,12GB,256GB,8.6,"6.8""",188,5000,47.0,8.7,502.0,1.0
vivo S18 Pro,12GB,512GB,8.6,"6.8""",188,5000,14.0,8.8,597.0,1.0
vivo S18 Pro,16GB,256GB,8.6,"6.8""",188,5000,59.0,8.8,613.0,1.0
vivo S18 Pro,16GB,512GB,8.6,"6.8""",188,5000,59.0,8.8,646.0,1.0
vivo S19,8GB,256GB,8.2,"6.8""",193,6000,1.0,--,,
vivo S19 Pro,8GB,256GB,8.6,"6.8""",192,5500,30.0,9.3,,
vivo V30,12GB,256GB,8.5,"6.8""",186,5000,47.0,8.7,537.0,1.0
vivo V30,12GB,512GB,8.5,"6.8""",186,5000,47.0,8.7,495.0,2.0
vivo V40 5G,12GB,256GB,8.6,"6.8""",190,5500,14.0,9.5,419.0,3.0
vivo V40 5G,12GB,512GB,8.6,"6.8""",190,5500,8.0,9.3,519.0,6.0
vivo V40 Lite 5G,12GB,256GB,8.3,"6.8""",188,5500,89.0,9.3,491.0,1.0
vivo V40 Lite 5G,12GB,512GB,8.3,"6.8""",188,5500,89.0,9.3,558.0,1.0
vivo V40 Lite 5G,8GB,256GB,8.3,"6.8""",188,5500,89.0,9.3,349.0,6.0
vivo V40 Pro,12GB,512GB,8.1,"6.8""",192,5500,,,,
vivo X Flip,12GB,256GB,8.0,"6.7""",198,4400,,,963.0,3.0
vivo X Fold+,12GB,256GB,8.0,"6.5""",311,4730,,,1063.0,1.0
vivo X Fold+,12GB,512GB,8.0,"6.5""",311,4730,,,1113.0,1.0
vivo X Fold2,12GB,256GB,8.3,"6.5""",279,4800,1.0,--,1043.0,1.0
vivo X Fold2,12GB,512GB,8.1,"6.5""",279,4800,,,1243.0,1.0
vivo X Fold3,12GB,256GB,8.7,"6.5""",219,5500,22.0,9.2,1016.0,3.0
vivo X Fold3,16GB,1TB,8.6,"6.5""",219,5500,24.0,8.8,1238.0,3.0
vivo X Fold3,16GB,256GB,8.7,"6.5""",219,5500,12.0,8.7,1070.0,3.0
vivo X Fold3,16GB,512GB,8.7,"6.5""",219,5500,24.0,8.8,1136.0,3.0
vivo X Fold3 Pro,12GB,256GB,8.7,"6.5""",236,5700,31.0,9.1,1203.0,1.0
vivo X Fold3 Pro,16GB,1TB,8.5,"6.5""",236,5700,36.0,9.0,1495.0,3.0
vivo X Fold3 Pro,16GB,512GB,8.5,"6.5""",236,5700,1.0,--,,
vivo X Fold3 Pro,16GB,512GB,8.6,"6.5""",236,5700,24.0,8.8,1359.0,4.0
vivo X Note,12GB,256GB,8.4,"7""",216,5000,24.0,8.8,1067.0,2.0
vivo X Note,12GB,512GB,8.3,"7""",216,5000,49.0,8.5,1137.0,2.0
vivo X Note,8GB,256GB,8.4,"7""",216,5000,11.0,8.0,997.0,2.0
vivo X100 Ultra,12GB,256GB,9.3,"6.8""",229,5500,66.0,9.1,863.0,4.0
vivo X100 Ultra,16GB,1TB,9.1,"6.8""",229,5500,66.0,9.1,1073.0,3.0
vivo X100 Ultra,16GB,512GB,9.2,"6.8""",229,5500,124.0,9.5,953.0,3.0
vivo X60 Pro,12GB,256GB,8.2,"6.6""",177,4200,47.0,8.7,479.0,3.0
vivo X80 Pro,12GB,256GB,8.3,"6.8""",219,4700,47.0,8.7,,
vivo X80 Pro,12GB,512GB,8.0,"6.8""",219,4700,,,,
vivo Y200 GT,12GB,256GB,8.1,"6.8""",195,6000,,,328.0,2.0
vivo Y200 GT,12GB,512GB,8.1,"6.8""",195,6000,,,369.0,2.0
vivo iQOO 11,12GB,256GB,8.0,"6.8""",208,5000,,,,
vivo iQOO 11 Pro,12GB,256GB,8.0,"6.8""",213,4700,,,,
vivo iQOO 11 Pro,16GB,512GB,8.0,"6.8""",213,4700,,,,
vivo iQOO 13,12GB,256GB,9.8,"6.8""",213,6150,20.0,9.8,653.0,3.0
vivo iQOO 13,12GB,512GB,9.2,"6.8""",213,6150,1.0,--,942.0,1.0
vivo iQOO 13,16GB,1TB,9.4,"6.8""",213,6150,10.0,9.5,843.0,3.0
vivo iQOO 13,16GB,256GB,9.5,"6.8""",213,6150,1.0,--,753.0,2.0
vivo iQOO 13,16GB,512GB,9.6,"6.8""",213,6150,29.0,9.6,743.0,3.0
vivo iQOO 9 Pro,12GB,256GB,8.0,"6.8""",204,4700,,,,
vivo iQOO 9 Pro,8GB,256GB,8.0,"6.8""",204,4700,,,,
vivo iQOO Neo 8,12GB,256GB,8.3,"6.8""",189,5000,1.0,--,,
vivo iQOO Neo 8 Pro,16GB,256GB,8.4,"6.8""",197,5000,42.0,9.1,,
vivo iQOO Neo9,12GB,256GB,8.6,"6.8""",196,5160,58.0,9.4,403.0,2.0
vivo iQOO Neo9,16GB,1TB,8.6,"6.8""",196,5160,124.0,9.5,564.0,2.0
vivo iQOO Neo9,16GB,256GB,8.6,"6.8""",196,5160,58.0,9.4,427.0,2.0
vivo iQOO Neo9,16GB,512GB,8.6,"6.8""",196,5160,58.0,9.4,476.0,2.0
vivo iQOO Neo9 Pro,12GB,256GB,8.7,"6.8""",196,5160,46.0,9.5,502.0,2.0
vivo iQOO Neo9 Pro,12GB,512GB,8.6,"6.8""",196,5160,24.0,8.5,547.0,2.0
vivo iQOO Neo9 Pro,16GB,1TB,8.6,"6.8""",196,5160,63.0,9.0,663.0,2.0
vivo iQOO Neo9 Pro,16GB,512GB,8.6,"6.8""",196,5160,2.0,--,615.0,1.0
vivo iQOO Neo9S Pro+,12GB,256GB,8.9,"6.8""",198,5500,22.0,9.1,525.0,2.0
vivo iQOO Neo9S Pro+,12GB,512GB,8.9,"6.8""",198,5500,22.0,9.1,579.0,2.0
vivo iQOO Neo9S Pro+,16GB,1TB,8.9,"6.8""",198,5500,8.0,9.3,677.0,2.0
vivo iQOO Neo9S Pro+,16GB,256GB,8.9,"6.8""",198,5500,22.0,9.1,546.0,2.0
vivo iQOO Neo9S Pro+,16GB,512GB,8.8,"6.8""",198,5500,8.0,9.3,689.0,1.0
vivo iQOO Z9 Turbo,12GB,256GB,8.3,"6.8""",195,6000,1.0,--,293.0,3.0
vivo iQOO Z9 Turbo,12GB,512GB,8.2,"6.8""",195,6000,25.0,9.6,436.0,2.0
vivo iQOO Z9 Turbo,16GB,256GB,8.3,"6.8""",195,6000,26.0,8.9,419.0,2.0
vivo iQOO Z9 Turbo,16GB,512GB,8.3,"6.8""",195,6000,14.0,9.7,403.0,3.0
