Company Name,Model Name,Launched Year
Apple,iPhone 16 128GB,2024
Apple,iPhone 16 256GB,2024
Apple,iPhone 16 512GB,2024
Apple,iPhone 16 Plus 128GB,2024
Apple,iPhone 16 Plus 256GB,2024
Apple,iPhone 16 Plus 512GB,2024
Apple,iPhone 16 Pro 128GB,2024
Apple,iPhone 16 Pro 256GB,2024
Apple,iPhone 16 Pro 512GB,2024
Apple,iPhone 16 Pro Max 128GB,2024
Apple,iPhone 16 Pro Max 256GB,2024
Apple,iPhone 16 Pro Max 512GB,2024
Apple,iPhone 15 128GB,2023
Apple,iPhone 15 256GB,2023
Apple,iPhone 15 512GB,2023
Apple,iPhone 15 Plus 128GB,2023
Apple,iPhone 15 Plus 256GB,2023
Apple,iPhone 15 Plus 512GB,2023
Apple,iPhone 15 Pro 128GB,2023
Apple,iPhone 15 Pro 256GB,2023
Apple,iPhone 15 Pro 512GB,2023
Apple,iPhone 15 Pro Max 128GB,2023
Apple,iPhone 15 Pro Max 256GB,2023
Apple,iPhone 15 Pro Max 512GB,2023
Apple,iPhone 14 128GB,2022
Apple,iPhone 14 256GB,2022
Apple,iPhone 14 512GB,2022
Apple,iPhone 14 Plus 128GB,2022
Apple,iPhone 14 Plus 256GB,2022
Apple,iPhone 14 Plus 512GB,2022
Apple,iPhone 14 Pro 128GB,2022
Apple,iPhone 14 Pro 256GB,2022
Apple,iPhone 14 Pro 512GB,2022
Apple,iPhone 14 Pro Max 128GB,2022
Apple,iPhone 14 Pro Max 256GB,2022
Apple,iPhone 14 Pro Max 512GB,2022
Apple,iPhone 13 mini 128GB,2021
Apple,iPhone 13 mini 256GB,2021
Apple,iPhone 13 mini 512GB,2021
Apple,iPhone 13 128GB,2021
Apple,iPhone 13 256GB,2021
Apple,iPhone 13 512GB,2021
Apple,iPhone 13 Pro 128GB,2021
Apple,iPhone 13 Pro 256GB,2021
Apple,iPhone 13 Pro 512GB,2021
Apple,iPhone 13 Pro Max 128GB,2021
Apple,iPhone 13 Pro Max 256GB,2021
Apple,iPhone 13 Pro Max 512GB,2021
Apple,iPhone 12 mini 64GB,2020
Apple,iPhone 12 mini 128GB,2020
Apple,iPhone 12 mini 256GB,2020
Apple,iPhone 12 64GB,2020
Apple,iPhone 12 128GB,2020
Apple,iPhone 12 256GB,2020
Apple,iPhone 12 Pro 128GB,2020
Apple,iPhone 12 Pro 256GB,2020
Apple,iPhone 12 Pro 512GB,2020
Apple,iPhone 12 Pro Max 128GB,2020
Apple,iPhone 12 Pro Max 256GB,2020
Apple,iPhone 12 Pro Max 512GB,2020
Apple,iPhone 11 64GB,2019
Apple,iPhone 11 128GB,2019
Apple,iPhone 11 256GB,2019
Apple,iPhone 11 Pro 64GB,2019
Apple,iPhone 11 Pro 256GB,2019
Apple,iPhone 11 Pro 512GB,2019
Apple,iPhone 11 Pro Max 64GB,2019
Apple,iPhone 11 Pro Max 256GB,2019
Apple,iPhone 11 Pro Max 512GB,2019
Apple,iPhone X 64GB,2017
Apple,iPhone X 256GB,2017
Apple,iPhone XS 64GB,2018
Apple,iPhone XS 256GB,2018
Apple,iPhone XS 512GB,2018
Apple,iPhone XS Max 64GB,2018
Apple,iPhone XS Max 256GB,2018
Apple,iPhone XS Max 512GB,2018
Apple,iPhone XR 64GB,2018
Apple,iPhone XR 128GB,2018
Apple,iPhone XR 256GB,2018
Apple,iPad Air 10.9-inch 64GB,2020
Apple,iPad Air 10.9-inch 256GB,2020
Apple,iPad 10.2-inch 32GB,2020
Apple,iPad 10.2-inch 128GB,2020
Apple,iPad Mini 7.9-inch 64GB,2019
Apple,iPad Mini 7.9-inch 256GB,2019
Apple,iPad Pro 11-inch 128GB,2020
Apple,iPad Pro 11-inch 256GB,2020
Apple,iPad Pro 11-inch 512GB,2020
Apple,iPad Pro 12.9-inch 128GB,2020
Apple,iPad Pro 12.9-inch 256GB,2020
Apple,iPad Pro 12.9-inch 512GB,2020
Apple,iPad Pro 13-inch 128GB,2020
Apple,iPad Pro 13-inch 256GB,2020
Apple,iPad Pro 13-inch 512GB,2020
Apple,iPad Pro 13-inch 1TB,2020
Apple,iPad Pro 13-inch 2TB,2020
Samsung,Galaxy S24 Ultra 128GB,2024
Samsung,Galaxy S24 Ultra 256GB,2024
Samsung,Galaxy S24+ 128GB,2024
Samsung,Galaxy S24+ 256GB,2024
Samsung,Galaxy S24 128GB,2024
Samsung,Galaxy S24 256GB,2024
Samsung,Galaxy S23 Ultra 128GB,2023
Samsung,Galaxy S23 Ultra 256GB,2023
Samsung,Galaxy S23+ 128GB,2023
Samsung,Galaxy S23+ 256GB,2023
Samsung,Galaxy S23 128GB,2023
Samsung,Galaxy S23 256GB,2023
Samsung,Galaxy S22 Ultra 128GB,2022
Samsung,Galaxy S22 Ultra 256GB,2022
Samsung,Galaxy S22+ 128GB,2022
Samsung,Galaxy S22+ 256GB,2022
Samsung,Galaxy S22 128GB,2022
Samsung,Galaxy S22 256GB,2022
Samsung,Galaxy Z Fold 5 256GB,2023
Samsung,Galaxy Z Fold 5 512GB,2023
Samsung,Galaxy Z Flip 5 256GB,2023
Samsung,Galaxy Z Flip 5 512GB,2023
Samsung,Galaxy Z Fold 4 256GB,2022
Samsung,Galaxy Z Fold 4 512GB,2022
Samsung,Galaxy Z Flip 4 256GB,2022
Samsung,Galaxy Z Flip 4 512GB,2022
Samsung,Galaxy A54 128GB,2023
Samsung,Galaxy A54 256GB,2023
Samsung,Galaxy A34 128GB,2023
Samsung,Galaxy A34 256GB,2023
Samsung,Galaxy A24 128GB,2023
Samsung,Galaxy A24 256GB,2023
Samsung,Galaxy A14 128GB,2023
Samsung,Galaxy A14 256GB,2023
Samsung,Galaxy A04 64GB,2022
Samsung,Galaxy A04 128GB,2022
Samsung,Galaxy M54 128GB,2023
Samsung,Galaxy M54 256GB,2023
Samsung,Galaxy M34 128GB,2023
Samsung,Galaxy M34 256GB,2023
Samsung,Galaxy M14 128GB,2023
Samsung,Galaxy M14 256GB,2023
Samsung,Galaxy M04 64GB,2022
Samsung,Galaxy M04 128GB,2022
Samsung,Galaxy F54 128GB,2023
Samsung,Galaxy F54 256GB,2023
Samsung,Galaxy F34 128GB,2023
Samsung,Galaxy F34 256GB,2023
Samsung,Galaxy F14 128GB,2023
Samsung,Galaxy F14 256GB,2023
Samsung,Galaxy Note 20 Ultra 128GB,2020
Samsung,Galaxy Note 20 Ultra 256GB,2020
Samsung,Galaxy Note 20 128GB,2020
Samsung,Galaxy Note 20 256GB,2020
Samsung,Galaxy Note 10+ 256GB,2019
Samsung,Galaxy Note 10+ 512GB,2019
Samsung,Galaxy Note 10 256GB,2019
Samsung,Galaxy Note 10 128GB,2019
Samsung,Galaxy Xcover 6 Pro 128GB,2022
Samsung,Galaxy Xcover 5 64GB,2020
Samsung,Galaxy J8 64GB,2018
Samsung,Galaxy J7 Pro 64GB,2017
Samsung,Galaxy J6+ 64GB,2018
Samsung,Galaxy J4 16GB,2018
Samsung,Galaxy C9 Pro 64GB,2016
Samsung,Galaxy C7 Pro 64GB,2017
Samsung,Galaxy C5 32GB,2016
Samsung,Galaxy W22 5G 256GB,2021
Samsung,Galaxy W21 5G 256GB,2020
Samsung,Galaxy Tab S9 Ultra 256GB,2023
Samsung,Galaxy Tab S9+ 256GB,2023
Samsung,Galaxy Tab S9 128GB,2023
Samsung,Galaxy Tab S9 FE 128GB,2023
Samsung,Galaxy Tab S8 Ultra 256GB,2022
Samsung,Galaxy Tab S8+ 256GB,2022
Samsung,Galaxy Tab S8 128GB,2022
Samsung,Galaxy Tab A9+ 128GB,2023
Samsung,Galaxy Tab A9 64GB,2023
Samsung,Galaxy Tab A8 64GB,2022
Samsung,Galaxy Tab A7 Lite 32GB,2021
Samsung,Galaxy Tab Active 5 128GB,2024
Samsung,Galaxy Tab Active 4 Pro 128GB,2022
Samsung,Galaxy Tab Active 3 64GB,2020
Samsung,Galaxy Tab E 10.1 16GB,2016
Samsung,Galaxy Tab E 8.0 16GB,2016
OnePlus,OnePlus 12 256GB,2024
OnePlus,OnePlus 12R 256GB,2024
OnePlus,OnePlus 11 256GB,2023
OnePlus,OnePlus 11R 256GB,2023
OnePlus,OnePlus Nord 3 256GB,2023
OnePlus,OnePlus Nord CE 3 128GB,2023
OnePlus,OnePlus Nord CE 3 Lite 128GB,2023
OnePlus,OnePlus Nord N30 5G 128GB,2023
OnePlus,OnePlus Open 256GB,2024
OnePlus,OnePlus 10 Pro 256GB,2022
OnePlus,OnePlus 10T 256GB,2022
OnePlus,OnePlus 9 Pro 256GB,2021
OnePlus,OnePlus 9 128GB,2021
OnePlus,OnePlus 11 Pro 256GB,2023
OnePlus,OnePlus Nord 2T 128GB,2022
OnePlus,OnePlus Nord 2 128GB,2021
OnePlus,OnePlus Nord N200 64GB,2021
OnePlus,OnePlus Nord N100 64GB,2020
OnePlus,OnePlus 8T Cyberpunk 2077 Edition 256GB,2020
OnePlus,OnePlus 9T 128GB,2021
OnePlus,OnePlus 8T 256GB,2020
OnePlus,OnePlus 10T 5G 256GB,2022
OnePlus,OnePlus 9R 5G 128GB,2021
OnePlus,OnePlus 8 Pro 256GB,2020
OnePlus,OnePlus 8 128GB,2020
OnePlus,OnePlus Nord CE 2 Lite 128GB,2022
OnePlus,OnePlus Nord CE 2 128GB,2022
OnePlus,OnePlus Nord 1 128GB,2020
OnePlus,OnePlus Nord CE 5G 128GB,2021
OnePlus,OnePlus Nord 2 5G 128GB,2021
OnePlus,OnePlus Nord N100 5G 64GB,2020
OnePlus,OnePlus Nord N10 5G 128GB,2020
OnePlus,OnePlus 8R 128GB,2020
OnePlus,OnePlus 7R 128GB,2020
OnePlus,OnePlus 6T McLaren Edition 256GB,2018
OnePlus,OnePlus 5T Star Wars Edition 128GB,2017
OnePlus,OnePlus 13R 128GB,2023
OnePlus,OnePlus 11T 128GB,2023
OnePlus,OnePlus 10R 128GB,2022
OnePlus,OnePlus 7 Pro 5G 256GB,2019
OnePlus,OnePlus 6 Special Edition 128GB,2018
OnePlus,OnePlus 5 Special Edition 128GB,2017
OnePlus,OnePlus Nord X 128GB,2020
OnePlus,OnePlus 8 Pro McLaren Edition 256GB,2020
OnePlus,OnePlus 8T Cyberpunk Edition 256GB,2020
OnePlus,OnePlus 7T Pro 5G McLaren Edition 256GB,2019
OnePlus,OnePlus 15R 128GB,2023
OnePlus,OnePlus 14+ 128GB,2023
OnePlus,OnePlus 13 Pro 256GB,2023
OnePlus,OnePlus 12T 5G 256GB,2023
OnePlus,OnePlus Pad,2023
OnePlus,OnePlus Pad 2,2024
OnePlus,OnePlus Pad Pro,2024
Vivo,X200 128GB,2024
Vivo,X200 256GB,2024
Vivo,X200 Pro 256GB,2024
Vivo,X200 Pro 512GB,2024
Vivo,X200 Pro Mini 256GB,2024
Vivo,V40e 128GB,2024
Vivo,Y200 GT 128GB,2024
Vivo,T3 5G 128GB,2024
Vivo,Y100 5G 128GB,2024
Vivo,S18 Pro 256GB,2024
Vivo,V30 Pro 128GB,2024
Vivo,iQOO 12 256GB,2024
Vivo,Z3 64GB,2018
Vivo,V9 64GB,2018
Vivo,X9 Plus 128GB,2017
Vivo,Y81 32GB,2018
Vivo,X5Max 16GB,2014
Vivo,V5 Plus 64GB,2017
Vivo,Y95 64GB,2018
Vivo,V3 Max 32GB,2016
Vivo,X3S 16GB,2014
Vivo,Y66 32GB,2017
Vivo,V19 128GB,2020
Vivo,V19 256GB,2020
Vivo,V17 Pro 128GB,2019
Vivo,V17 Pro 256GB,2019
Vivo,Y12s 64GB,2020
Vivo,Y12s 128GB,2020
Vivo,S1 Pro 128GB,2019
Vivo,S1 Pro 256GB,2019
Vivo,Y11 32GB,2019
Vivo,Y11 64GB,2019
Vivo,V15 128GB,2019
Vivo,V15 256GB,2019
Vivo,X27 Pro 128GB,2019
Vivo,X27 Pro 256GB,2019
Vivo,Y30 128GB,2020
Vivo,Y30 64GB,2020
Vivo,Z1 Pro 64GB,2019
Vivo,Z1 Pro 128GB,2019
Vivo,X21 128GB,2018
Vivo,X21 64GB,2018
Vivo,V23e 128GB,2021
Vivo,V23e 256GB,2021
Vivo,Y33s 128GB,2021
Vivo,Y33s 64GB,2021
Vivo,X60 Pro 256GB,2021
Vivo,X60 Pro 512GB,2021
Vivo,V20 Pro 128GB,2020
Vivo,V20 Pro 256GB,2020
Vivo,Y75 5G 128GB,2021
Vivo,Y75 5G 256GB,2021
Vivo,Y53s 128GB,2021
Vivo,Y53s 64GB,2021
Vivo,V15 Pro 128GB,2019
Vivo,V15 Pro 256GB,2019
Vivo,X70 Pro 128GB,2021
Vivo,X70 Pro 256GB,2021
Vivo,T1 5G 128GB,2022
Vivo,T1 5G 256GB,2022
Vivo,X30 Pro 128GB,2019
Vivo,X30 Pro 256GB,2019
Vivo,V27 128GB,2023
Vivo,V27 256GB,2023
Vivo,V27 Pro 128GB,2023
Vivo,V27 Pro 256GB,2023
Vivo,V25 Pro 128GB,2022
Vivo,V25 Pro 256GB,2022
Vivo,X90 Pro 256GB,2022
Vivo,X90 Pro 512GB,2022
Vivo,Y100 128GB,2023
Vivo,Y100 256GB,2023
Vivo,T2 Series 128GB,2023
Vivo,T2 Series 256GB,2023
Vivo,V23 5G 128GB,2022
Vivo,V23 5G 256GB,2022
Vivo,X80 256GB,2022
Vivo,X80 512GB,2022
Vivo,Y21 128GB,2021
Vivo,Y21 64GB,2021
Vivo,Pad 128GB,2022
Vivo,Pad 2 256GB,2023
Vivo,Pad Air 128GB,2023
Vivo,Pad 3 128GB,2023
Vivo,Pad 3 Pro 256GB,2023
Vivo,Pad 4 Pro 256GB,2024
iQOO,Pad 128GB,2023
iQOO,Pad 2 256GB,2024
iQOO,Pad 2 Pro 256GB,2024
Oppo,Find N3 512GB,2023
Oppo,Find N3 Flip 256GB,2023
Oppo,Find X8 Pro 256GB,2024
Oppo,Find X8 256GB,2024
Oppo,Reno13 F 4G 256GB,2025
Oppo,Reno13 F 256GB,2025
Oppo,Reno13 Pro 512GB,2025
Oppo,Reno13 256GB,2025
Oppo,Reno12 F 4G 256GB,2024
Oppo,Reno12 F 256GB,2024
Oppo,Reno12 Pro 512GB,2024
Oppo,Reno12 256GB,2024
Oppo,Reno11 F 256GB,2024
Oppo,Reno11 Pro 512GB,2024
Oppo,A5 Pro 256GB,2024
Oppo,A5 Pro 512GB,2024
Oppo,A80 256GB,2024
Oppo,A3 4G 128GB,2024
Oppo,A3x 4G 128GB,2024
Oppo,A3x 4G 256GB,2024
Oppo,A3 128GB,2024
Oppo,A3x 128GB,2024
Oppo,A3x 256GB,2024
Oppo,A3 128GB,2024
Oppo,A60 128GB,2024
Oppo,A60 256GB,2024
Oppo,K12 Plus 256GB,2024
Oppo,K12 Plus 512GB,2024
Oppo,F27 128GB,2024
Oppo,F27 256GB,2024
Oppo,F27 Pro+ 256GB,2024
Oppo,F27 Pro+ 512GB,2024
Oppo,F25 Pro 128GB,2023
Oppo,F25 Pro 256GB,2023
Oppo,Pad 3 128GB,2024
Oppo,Pad 3 256GB,2024
Oppo,Pad 3 Pro 256GB,2024
Oppo,Pad 3 Pro 512GB,2024
Oppo,Pad Neo 128GB,2023
Oppo,Pad Neo 256GB,2023
Oppo,Find X7 Ultra 256GB,2024
Oppo,Find X7 Ultra 512GB,2024
Oppo,Find X7 256GB,2024
Oppo,Find X7 512GB,2024
Oppo,Find X6 Pro 256GB,2023
Oppo,Find X6 Pro 512GB,2023
Oppo,Find X6 256GB,2023
Oppo,Find X6 512GB,2023
Oppo,Find X5 Pro 256GB,2022
Oppo,Find X5 Pro 512GB,2022
Oppo,Find X5 256GB,2022
Oppo,Find N2 Flip 256GB,2023
Oppo,Find N2 Flip 512GB,2023
Oppo,Find N2 256GB,2022
Oppo,Reno10 5G 128GB,2023
Oppo,Reno10 5G 256GB,2023
Oppo,Reno10 Pro 5G 256GB,2023
Oppo,Reno10 Pro+ 5G 256GB,2023
Oppo,Reno9 5G 128GB,2022
Oppo,Reno9 5G 256GB,2022
Oppo,Reno9 Pro 5G 256GB,2022
Oppo,Reno9 Pro+ 5G 256GB,2022
Oppo,Reno8 5G 128GB,2022
Oppo,Reno8 5G 256GB,2022
Oppo,Reno8 Pro 5G 256GB,2022
Oppo,Reno8 Pro+ 5G 256GB,2022
Oppo,Reno7 5G 128GB,2021
Oppo,Reno7 5G 256GB,2021
Oppo,Reno7 Pro 5G 256GB,2021
Oppo,Reno6 5G 128GB,2021
Oppo,Reno6 5G 256GB,2021
Oppo,Reno6 Pro 5G 128GB,2021
Oppo,Reno6 Pro 5G 256GB,2021
Oppo,Reno6 Pro+ 5G 256GB,2021
Oppo,Reno5 5G 128GB,2020
Oppo,Reno5 5G 256GB,2020
Oppo,Reno5 Pro 5G 128GB,2020
Oppo,Reno5 Pro 5G 256GB,2020
Oppo,Reno5 Pro+ 5G 256GB,2020
Oppo,Reno4 5G 128GB,2020
Oppo,Reno4 5G 256GB,2020
Oppo,Reno4 Pro 5G 256GB,2020
Oppo,Reno3 5G 128GB,2019
Oppo,Reno3 5G 256GB,2019
Oppo,Reno3 Pro 5G 256GB,2019
Oppo,A59 5G 128GB,2023
Oppo,A59 5G 256GB,2023
Oppo,A58 5G 256GB,2022
Oppo,A57 5G 128GB,2022
Oppo,A56 5G 128GB,2021
Oppo,A55 5G 128GB,2021
Oppo,A54 5G 128GB,2021
Oppo,A53 5G 128GB,2020
Oppo,A52 5G 128GB,2020
Oppo,A51 5G 128GB,2020
Oppo,A50 5G 128GB,2020
Oppo,A49 5G 128GB,2020
Oppo,A40 128GB,2024
Oppo,A40 256GB,2024
Oppo,K11x 128GB,2023
Oppo,K11x 256GB,2023
Oppo,K10x 128GB,2022
Oppo,K10x 256GB,2022
Oppo,K10 5G 128GB,2022
Oppo,K9x 128GB,2021
Oppo,K9x 256GB,2021
Oppo,K9 Pro 5G 128GB,2021
Oppo,K9 Pro 5G 256GB,2021
Oppo,K9 5G 128GB,2021
Oppo,K9 5G 256GB,2021
Oppo,K7x 128GB,2020
Oppo,K7 5G 128GB,2020
Oppo,K7 5G 256GB,2020
Oppo,K11x 128GB,2023
Oppo,K11x 256GB,2023
Oppo,K11 128GB,2023
Oppo,K11 256GB,2023
Oppo,K10x 128GB,2022
Oppo,K10x 256GB,2022
Oppo,K10 5G 128GB,2022
Oppo,K10 5G 256GB,2022
Oppo,K9x 128GB,2021
Oppo,K9x 256GB,2021
Oppo,K9 Pro 5G 128GB,2021
Oppo,K9 Pro 5G 256GB,2021
Oppo,K9 5G 128GB,2021
Oppo,K9 5G 256GB,2021
Oppo,K7x 128GB,2020
Oppo,K7 5G 128GB,2020
Realme,GT 7 Pro 128GB,2024
Realme,GT 7 Pro 256GB,2024
Realme,GT 6 128GB,2023
Realme,GT 6 256GB,2023
Realme,GT 6 512GB,2023
Realme,GT 6T 128GB,2023
Realme,GT 6T 256GB,2023
Realme,14 Pro+ 5G 256GB,2025
Realme,14 Pro+ 5G 512GB,2025
Realme,14 Pro 5G 128GB,2025
Realme,14 Pro 5G 256GB,2025
Realme,14x 5G 128GB,2025
Realme,14x 5G 256GB,2025
Realme,13+ 5G 128GB,2024
Realme,13+ 5G 256GB,2024
Realme,13 5G 128GB,2024
Realme,13 5G 256GB,2024
Realme,13 Pro 5G 128GB,2024
Realme,13 Pro 5G 256GB,2024
Realme,13 Pro+ 5G 256GB,2024
Realme,13 Pro+ 5G 512GB,2024
Realme,P1 Speed 5G 128GB,2024
Realme,P1 Speed 5G 256GB,2024
Realme,P2 Pro 5G 256GB,2024
Realme,P2 Pro 5G 512GB,2024
Realme,P1 5G 128GB,2024
Realme,P1 5G 256GB,2024
Realme,P1 Pro 5G 128GB,2024
Realme,P1 Pro 5G 256GB,2024
Realme,Narzo 70 Turbo 5G 128GB,2024
Realme,Narzo 70 Turbo 5G 256GB,2024
Realme,Narzo N61 128GB,2024
Realme,Narzo N63 128GB,2024
Realme,Narzo N65 5G 128GB,2024
Realme,Narzo 70 5G 128GB,2024
Realme,C75 128GB,2024
Realme,C75 256GB,2024
Realme,C61 128GB,2024
Realme,C67 128GB,2024
Realme,C67 256GB,2024
Realme,C65 128GB,2024
Realme,C65 256GB,2024
Realme,C63 128GB,2024
Realme,C55 128GB,2023
Realme,C55 256GB,2023
Realme,Note 60x 128GB,2024
Realme,Note 60 128GB,2024
Realme,Note 60 256GB,2024
Realme,Note 50 128GB,2024
Realme,GT 7 128GB,2024
Realme,GT 7 256GB,2024
Realme,Neo 7 128GB,2024
Realme,Neo 7 256GB,2024
Realme,P2 Pro 5G 128GB,2024
Realme,P2 Pro 5G 256GB,2024
Realme,Pad 64GB,2021
Realme,Pad 128GB,2021
Realme,Pad 2 128GB,2023
Realme,Pad 2 256GB,2023
Realme,Pad 2 Lite 64GB,2023
Realme,Pad 2 Lite 128GB,2023
Realme,Pad X 64GB,2022
Realme,Pad X 128GB,2022
Realme,Pad Mini 32GB,2022
Realme,Pad Mini 64GB,2022
Realme,Pad Slim 64GB,2022
Realme,Pad Slim 128GB,2022
Realme,TechLife Pad Neo 64GB,2024
Realme,TechLife Pad Neo 128GB,2024
Xiaomi,Xiaomi 15 Pro 256GB,2024
Xiaomi,Xiaomi 15 Pro 512GB,2024
Xiaomi,Xiaomi 15 Pro 1TB,2024
Xiaomi,Xiaomi 15 256GB,2024
Xiaomi,Xiaomi 15 512GB,2024
Xiaomi,Xiaomi 14T Pro 256GB,2024
Xiaomi,Xiaomi 14T Pro 512GB,2024
Xiaomi,Xiaomi 14T Pro 1TB,2024
Xiaomi,Xiaomi 14T 256GB,2024
Xiaomi,Xiaomi 14T 512GB,2024
Xiaomi,Xiaomi 14 Pro 256GB,2023
Xiaomi,Xiaomi 14 Pro 512GB,2023
Xiaomi,Xiaomi 14 256GB,2023
Xiaomi,Xiaomi 14 512GB,2023
Xiaomi,Redmi Note 14 Pro+ 5G 128GB,2024
Xiaomi,Redmi Note 14 Pro+ 5G 256GB,2024
Xiaomi,Redmi Note 14 Pro+ 5G 512GB,2024
Xiaomi,Redmi Note 14 Pro 5G 128GB,2024
Xiaomi,Redmi Note 14 Pro 5G 256GB,2024
Xiaomi,Redmi Note 14 Pro 4G 128GB,2024
Xiaomi,Redmi Note 14 Pro 4G 256GB,2024
Xiaomi,Redmi Note 14 5G 128GB,2024
Xiaomi,Redmi Note 14 5G 256GB,2024
Xiaomi,Redmi Note 14 4G 128GB,2024
Xiaomi,Redmi Note 14 4G 256GB,2024
Xiaomi,Redmi 14C 5G 64GB,2024
Xiaomi,Redmi 14C 5G 128GB,2024
Lenovo,Legion Y70 128GB,2022
Lenovo,Legion Y70 256GB,2022
Lenovo,Legion Y70 512GB,2022
Lenovo,K14 Plus 64GB,2022
Lenovo,K14 Plus 128GB,2022
Lenovo,K13 Pro 128GB,2021
Lenovo,K13 32GB,2021
Lenovo,K13 Note 64GB,2021
Lenovo,K10 Plus 64GB,2019
Lenovo,A6 Note 32GB,2019
Lenovo,K10 Note 64GB,2019
Lenovo,K10 Note 128GB,2019
Lenovo,Z6 Pro 128GB,2019
Lenovo,Z6 Pro 256GB,2019
Lenovo,Z5 Pro 64GB,2018
Motorola,Edge 50 Fusion 128GB,2024
Motorola,Edge 50 Fusion 256GB,2024
Motorola,Edge 50 Pro 128GB,2024
Motorola,Edge 50 Pro 256GB,2024
Motorola,Razr 128GB,2023
Motorola,Razr 256GB,2023
Motorola,G84 5G 128GB,2023
Motorola,G84 5G 256GB,2023
Motorola,Moto G Stylus 64GB,2023
Motorola,Moto G Stylus 128GB,2023
Motorola,One Vision 3 128GB,2024
Motorola,One Vision 3 256GB,2024
Motorola,Edge 50 Lite 128GB,2024
Motorola,Edge 50 Lite 256GB,2024
Motorola,Moto E40 Plus 64GB,2023
Motorola,Moto E40 Plus 128GB,2023
Motorola,Moto G Power 64GB,2022
Motorola,Moto G Power 128GB,2022
Motorola,Moto G Play 32GB,2022
Motorola,Moto G Play 64GB,2022
Motorola,Moto G75 5G 128GB,2024
Motorola,Moto G75 5G 256GB,2024
Motorola,Moto S50 128GB,2024
Motorola,Moto S50 256GB,2024
Motorola,Edge 50 Neo 256GB,2024
Motorola,Edge 50 Neo 512GB,2024
Motorola,Moto G55 128GB,2024
Motorola,Moto G55 256GB,2024
Motorola,Moto G35 128GB,2024
Motorola,Moto G35 256GB,2024
Motorola,Moto G45 128GB,2024
Motorola,Moto G45 256GB,2024
Motorola,Edge 50 256GB,2024
Motorola,Edge 50 512GB,2024
Motorola,Razr 50 Ultra 512GB,2024
Motorola,Razr 50 256GB,2024
Motorola,Moto G85 128GB,2024
Motorola,Moto G85 256GB,2024
Motorola,S50 Neo 256GB,2024
Motorola,S50 Neo 512GB,2024
Motorola,Moto E14 64GB,2024
Motorola,Moto E14 128GB,2024
Motorola,Edge 256GB,2024
Motorola,Edge 512GB,2024
Motorola,Moto X50 Ultra 512GB,2024
Motorola,Moto G Stylus 5G 256GB,2024
Motorola,Moto G Stylus 5G 512GB,2024
Motorola,Edge 50 Ultra 512GB,2024
Motorola,Edge 30 Fusion 128GB,2022
Motorola,Edge 30 Fusion 256GB,2022
Motorola,Edge 30 Neo 128GB,2022
Motorola,Edge 30 Neo 256GB,2022
Motorola,Moto G82 5G 128GB,2022
Motorola,Moto G82 5G 256GB,2022
Motorola,Moto G62 5G 128GB,2022
Motorola,Moto G62 5G 256GB,2022
Motorola,Moto G42 128GB,2022
Motorola,Moto G32 128GB,2022
Motorola,Moto E32s 64GB,2022
Motorola,Moto E22i 32GB,2022
Motorola,Moto E22 64GB,2022
Motorola,Moto G22 64GB,2022
Huawei,P50,2021
Huawei,P50 Pro,2021
Huawei,P50 Pocket,2021
Huawei,Mate 40E,2021
Huawei,Mate X2,2021
Huawei,Nova 9,2021
Huawei,Nova 9 Pro,2021
Huawei,P50E,2022
Huawei,Mate Xs 2,2022
Huawei,Mate 50,2022
Huawei,Mate 50 Pro,2022
Huawei,Nova 10,2022
Huawei,Nova 10 Pro,2022
Huawei,Nova 10 SE,2022
Huawei,P60,2023
Huawei,P60 Pro,2023
Huawei,P60 Art,2023
Huawei,Mate X3,2023
Huawei,Mate 60,2023
Huawei,Mate 60 Pro,2023
Huawei,Mate 60 Pro+,2023
Huawei,Nova 11,2023
Huawei,Nova 11 Pro,2023
Huawei,Nova 11 Ultra,2023
Huawei,Pura 70,2024
Huawei,Pura 70 Pro,2024
Huawei,Pura 70 Pro+,2024
Huawei,Pura 70 Ultra,2024
Huawei,Mate 70,2024
Huawei,Mate 70 Pro,2024
Huawei,Mate 70 Pro+,2024
Huawei,Mate X6,2024
Huawei,Nova 12,2024
Huawei,Nova 12 Pro,2024
Huawei,Mate XT 256GB,2024
Huawei,Mate XT 512GB,2024
Huawei,Nova 13 256GB,2024
Huawei,Nova 13 512GB,2024
Huawei,Nova 13 Pro 256GB,2024
Huawei,Nova 13 Pro 512GB,2024
Nokia,G42 5G 128GB,2023
Nokia,G20 64GB,2021
Nokia,G20 128GB,2021
Nokia,C32 64GB,2023
Nokia,C32 128GB,2023
Nokia,G21 64GB,2022
Nokia,G21 128GB,2022
Nokia,C22 64GB,2023
Nokia,C22 128GB,2023
Nokia,G400 128GB,2022
Sony,Xperia 1 IV 256GB,2022
Sony,Xperia 5 IV 128GB,2022
Sony,Xperia 10 IV 128GB,2022
Sony,Xperia 1 V 256GB,2023
Sony,Xperia 5 V 128GB,2023
Sony,Xperia 10 V 128GB,2023
Sony,Xperia 1 VI 256GB,2024
Sony,Xperia 5 VI 128GB,2024
Sony,Xperia 10 VI 128GB,2024
Nokia,T21,2022
Huawei,MatePad Pro 12.2 512GB,2024
Huawei,MatePad Pro 13.2 512GB,2024
Google,Pixel 3a 64GB,2019
Google,Pixel 3a XL 64GB,2019
Google,Pixel 4 64GB,2019
Google,Pixel 4 XL 64GB,2019
Google,Pixel 4a 128GB,2020
Google,Pixel 4a 5G 128GB,2020
Google,Pixel 5 128GB,2020
Google,Pixel 5a 128GB,2021
Google,Pixel 6 128GB,2021
Google,Pixel 6 Pro 256GB,2021
Google,Pixel 6a 128GB,2022
Google,Pixel 7 128GB,2022
Google,Pixel 7 Pro 256GB,2022
Google,Pixel 7a 128GB,2023
Google,Pixel 8 128GB,2023
Google,Pixel 8 Pro 256GB,2023
Google,Pixel 8a 128GB,2024
Google,Pixel 9 128GB,2024
Google,Pixel 9 Pro 256GB,2024
Google,Pixel 9 Pro XL 512GB,2024
Google,Pixel 9 Pro Fold 512GB,2024
Tecno,Spark Go 1S 64GB,2024
Tecno,Megapad 11 256GB,2024
Tecno,Pop 9 4G 64GB,2024
Tecno,Megapad 128GB,2024
Tecno,Camon 30S 256GB,2024
Tecno,Spark 30C 5G 128GB,2024
Tecno,Spark 30 5G 128GB,2024
Tecno,Pop 9 64GB,2024
Tecno,Spark 30 Pro 256GB,2024
Tecno,Spark 30 128GB,2024
Tecno,Phantom V Fold2 512GB,2024
Tecno,Phantom V Flip2 256GB,2024
Tecno,Pova 6 Neo 5G 256GB,2024
Tecno,Spark 30C 128GB,2024
Tecno,Spark Go 1 64GB,2024
Tecno,Camon 30S Pro 512GB,2024
Tecno,Spark 20P 128GB,2024
Tecno,Spark 20 Pro 5G 256GB,2024
Tecno,Pova 6 Neo 256GB,2024
Tecno,Camon 30 Premier 512GB,2024
Tecno,Camon 30 Pro 512GB,2024
Tecno,Camon 30 5G 256GB,2024
Tecno,Camon 30 128GB,2024
Tecno,Pova 6 Pro 512GB,2024
Tecno,Spark 20 Pro+ 256GB,2024
Tecno,Spark 20 Pro 128GB,2024
Tecno,Spark 20 128GB,2024
Tecno,Spark 20C 128GB,2024
Tecno,Spark Go 2024 64GB,2024
Tecno,Pop 8 64GB,2024
Tecno,Camon 20s Pro 5G 512GB,2024
Tecno,Camon 20s Pro 256GB,2024
Tecno,Camon 20s 256GB,2024
Tecno,Camon 20 Premier 512GB,2024
Tecno,Camon 20 Pro 5G 256GB,2024
Tecno,Camon 20 Pro 128GB,2024
Tecno,Camon 20 128GB,2024
Tecno,Pova 5G 512GB,2024
Tecno,Pova 5 256GB,2024
Infinix,Xpad,2024
Infinix,Xpad 5G,2024
Infinix,Xpad Lite,2024
Infinix,Xpad Pro,2024
Infinix,Hot 50,2024
Infinix,Hot 50i,2024
Infinix,Hot 50 5G,2024
Infinix,Hot 50 Pro,2024
Infinix,Hot 50 Pro+,2024
Infinix,GT 20 Pro,2024
Infinix,Note 40X 5G,2024
Infinix,Note 40S,2024
Infinix,Note 40 5G,2024
Infinix,Note 40 Pro 5G,2024
Infinix,Note 40 Racing Edition,2024
Infinix,Hot 40,2023
Infinix,Hot 40i,2023
Infinix,Hot 40 Pro,2023
Infinix,Zero 40,2024
Infinix,Zero 40 5G,2024
Infinix,Zero Flip,2024
Infinix,Note 40,2024
Infinix,Note 40 Pro,2024
Infinix,Hot 30 128GB,2023
Infinix,Hot 30i 128GB,2023
Infinix,Hot 30i NFC 128GB,2023
Infinix,Hot 30 Play 128GB,2023
Infinix,Hot 30 5G 128GB,2023
Infinix,Zero 30 256GB,2023
Infinix,Zero 30 5G 256GB,2023
Infinix,GT 10 Pro 256GB,2023
Infinix,Hot 12 128GB,2022
Infinix,Hot 12 Play 128GB,2022
Infinix,Hot 12 Pro 128GB,2022
Infinix,Hot 12i 64GB,2022
Infinix,Hot 20 128GB,2022
Infinix,Hot 20 Play 128GB,2022
Infinix,Hot 20s 128GB,2022
Infinix,Hot 20 5G 128GB,2022
Infinix,Hot 20i 64GB,2022
Infinix,Hot 10T 128GB,2021
Infinix,Hot 10S 128GB,2021
Infinix,Hot 10S NFC 128GB,2021
Infinix,Hot 10 Lite 64GB,2020
Infinix,Hot 10 Play 64GB,2021
Infinix,Hot 11 128GB,2021
Infinix,Hot 11 Play 128GB,2021
Infinix,Hot 11s 128GB,2021
Infinix,Smart HD 32GB,2020
Infinix,Note 8i 128GB,2020
Infinix,Hot 10 Lite 64GB,2020
Infinix,Note 8 128GB,2020
Infinix,Zero 8i 128GB,2020
Infinix,Hot 10 128GB,2020
Infinix,Zero 8 128GB,2020
Infinix,Smart 5 64GB,2020
Honor,9X Lite,2020
Honor,30,2020
Honor,30 Pro,2020
Honor,30 Pro+,2020
Honor,30S,2020
Honor,X10,2020
Honor,X10 Max,2020
Honor,Play 4,2020
Honor,Play 4 Pro,2020
Honor,10X Lite,2020
Honor,V40,2021
Honor,50,2021
Honor,50 Pro,2021
Honor,50 SE,2021
Honor,X20,2021
Honor,X20 SE,2021
Honor,Play 5,2021
Honor,Play 5T,2021
Honor,Magic3,2021
Honor,Magic3 Pro,2021
Honor,Magic3 Pro+,2021
Honor,60,2021
Honor,60 Pro,2021
Honor,60 SE,2021
Honor,X30,2021
Honor,X30i,2021
Honor,X30 Max,2021
Honor,Play 6,2022
Honor,Play 6T,2022
Honor,Magic4,2022
Honor,Magic4 Pro,2022
Honor,Magic4 Ultimate,2022
Honor,Magic V,2022
Honor,70,2022
Honor,70 Pro,2022
Honor,70 Pro+,2022
Honor,X40,2022
Honor,X40i,2022
Honor,Play 7,2023
Honor,Play 7T,2023
Honor,Magic5,2023
Honor,Magic5 Pro,2023
Honor,Magic5 Ultimate,2023
Honor,Magic Vs,2023
Honor,80,2022
Honor,80 Pro,2022
Honor,80 SE,2022
Honor,X50,2023
Honor,X50i,2023
Honor,Play 8,2023
Honor,Play 8T,2023
Honor,Magic6,2024
Honor,Magic6 Pro,2024
Honor,Magic6 Ultimate,2024
Honor,Magic V2,2024
Honor,90,2023
Honor,90 Pro,2023
Honor,90 SE,2023
Honor,X60,2023
Honor,X60i,2023
Honor,Play 9,2023
Honor,Play 9T,2023
Honor,Magic7,2024
Honor,Magic7 Pro,2024
Honor,Magic7 Ultimate,2024
Honor,Magic V3,2024
Honor,Pad 6,2020
Honor,Pad X6,2020
Honor,Pad 7,2021
Honor,Tablet V7,2021
Honor,Tablet V7 Pro,2021
Honor,Pad 8,2022
Honor,Pad X8,2022
Honor,Pad X8 Lite,2022
Honor,Pad V8,2023
Honor,Pad V8 Pro,2023
Honor,Pad 9,2024
Honor,Pad 9 Pro,2024
Honor,Pad X9,2023
Honor,Pad X8 Pro,2023
Honor,MagicPad 13,2023
Honor,MagicPad 2,2024
Honor,Pad X8a,2023
Honor,Pad X8a Kids Edition,2023
Honor,Pad X9 Pro,2024
Honor,Pad V9,2024
Honor,Pad GT Pro,2024
Honor,Pad X10,2024
Honor,Pad X10 Pro,2024
Honor,MagicPad 3,2024
Honor,Pad V10,2024
POCO,F2 Pro 128GB,2020
POCO,M2 Pro 64GB,2020
POCO,X3 NFC 128GB,2020
POCO,M3 64GB,2020
POCO,F3 128GB,2021
POCO,X3 Pro 128GB,2021
POCO,M3 Pro 5G 64GB,2021
POCO,F3 GT 128GB,2021
POCO,X3 GT 128GB,2021
POCO,M4 Pro 5G 128GB,2021
POCO,F4 128GB,2022
POCO,F4 GT 128GB,2022
POCO,X4 Pro 5G 128GB,2022
POCO,M4 Pro 128GB,2022
POCO,M5 128GB,2022
POCO,M5s 128GB,2022
POCO,F5 128GB,2023
POCO,F5 Pro 256GB,2023
POCO,X5 128GB,2023
POCO,X5 Pro 128GB,2023
POCO,M6 64GB,2023
POCO,M6 Pro 128GB,2023
POCO,X6 128GB,2024
POCO,X6 Pro 256GB,2024
POCO,F6 128GB,2024
POCO,F6 Pro 256GB,2024
POCO,C65 64GB,2024
POCO,X7 128GB,2025
POCO,X7 Pro 256GB,2025
POCO,M7 5G 128GB,2024
Poco,Pad 5G 128GB,2024
Poco,Pad 5G 256GB,2024
Samsung,Galaxy Z Fold6 256GB,2024
Samsung,Galaxy Z Fold6 512GB,2024
Samsung,Galaxy Z Fold6 1TB,2024
