Model Name,Launched Price (Pakistan),Launched Price (India),Launched Price (China),Launched Price (USA),Launched Price (Dubai)
iPhone 16 128GB,"PKR 224,999","INR 79,999","CNY 5,799",USD 799,"AED 2,799"
iPhone 16 256GB,"PKR 234,999","INR 84,999","CNY 6,099",USD 849,"AED 2,999"
iPhone 16 512GB,"PKR 244,999","INR 89,999","CNY 6,499",USD 899,"AED 3,199"
iPhone 16 Plus 128GB,"PKR 249,999","INR 89,999","CNY 6,199",USD 899,"AED 3,199"
iPhone 16 Plus 256GB,"PKR 259,999","INR 94,999","CNY 6,499",USD 949,"AED 3,399"
iPhone 16 Plus 512GB,"PKR 274,999","INR 104,999","CNY 6,999",USD 999,"AED 3,599"
iPhone 16 Pro 128GB,"PKR 284,999","INR 99,999","CNY 6,999",USD 999,"AED 3,499"
iPhone 16 Pro 256GB,"PKR 294,999","INR 104,999","CNY 7,099","USD 1,049","AED 3,699"
iPhone 16 Pro 512GB,"PKR 314,999","INR 114,999","CNY 7,499","USD 1,099","AED 3,899"
iPhone 16 Pro Max 128GB,"PKR 314,999","INR 109,999","CNY 7,499","USD 1,099","AED 3,799"
iPhone 16 Pro Max 256GB,"PKR 324,999","INR 114,999","CNY 7,799","USD 1,199","AED 3,999"
iPhone 16 Pro Max 512GB,"PKR 344,999","INR 124,999","CNY 8,199","USD 1,299","AED 4,199"
iPhone 15 128GB,"PKR 204,999","INR 74,999","CNY 5,299",USD 799,"AED 2,699"
iPhone 15 256GB,"PKR 214,999","INR 79,999","CNY 5,599",USD 849,"AED 2,999"
iPhone 15 512GB,"PKR 224,999","INR 89,999","CNY 5,999",USD 949,"AED 3,199"
iPhone 15 Plus 128GB,"PKR 234,999","INR 84,999","CNY 5,699",USD 899,"AED 3,199"
iPhone 15 Plus 256GB,"PKR 244,999","INR 94,999","CNY 6,199",USD 999,"AED 3,399"
iPhone 15 Plus 512GB,"PKR 264,999","INR 104,999","CNY 6,799","USD 1,049","AED 3,599"
iPhone 15 Pro 128GB,"PKR 274,999","INR 99,999","CNY 6,999","USD 1,099","AED 3,599"
iPhone 15 Pro 256GB,"PKR 284,999","INR 109,999","CNY 7,299","USD 1,199","AED 3,799"
iPhone 15 Pro 512GB,"PKR 304,999","INR 119,999","CNY 7,799","USD 1,299","AED 4,199"
iPhone 15 Pro Max 128GB,"PKR 314,999","INR 114,999","CNY 7,999","USD 1,199","AED 3,899"
iPhone 15 Pro Max 256GB,"PKR 324,999","INR 124,999","CNY 8,199","USD 1,299","AED 4,199"
iPhone 15 Pro Max 512GB,"PKR 344,999","INR 134,999","CNY 8,699","USD 1,399","AED 4,399"
iPhone 14 128GB,"PKR 184,999","INR 69,999","CNY 5,199",USD 799,"AED 2,699"
iPhone 14 256GB,"PKR 194,999","INR 74,999","CNY 5,599",USD 849,"AED 2,999"
iPhone 14 512GB,"PKR 204,999","INR 84,999","CNY 5,999",USD 949,"AED 3,199"
iPhone 14 Plus 128GB,"PKR 204,999","INR 79,999","CNY 5,499",USD 899,"AED 3,199"
iPhone 14 Plus 256GB,"PKR 214,999","INR 84,999","CNY 5,899",USD 999,"AED 3,399"
iPhone 14 Plus 512GB,"PKR 224,999","INR 94,999","CNY 6,299","USD 1,049","AED 3,599"
iPhone 14 Pro 128GB,"PKR 294,999","INR 109,999","CNY 7,199","USD 1,099","AED 3,699"
iPhone 14 Pro 256GB,"PKR 304,999","INR 119,999","CNY 7,499","USD 1,199","AED 3,899"
iPhone 14 Pro 512GB,"PKR 324,999","INR 134,999","CNY 7,999","USD 1,299","AED 4,199"
iPhone 14 Pro Max 128GB,"PKR 324,999","INR 124,999","CNY 8,099","USD 1,199","AED 3,999"
iPhone 14 Pro Max 256GB,"PKR 344,999","INR 134,999","CNY 8,499","USD 1,299","AED 4,199"
iPhone 14 Pro Max 512GB,"PKR 364,999","INR 144,999","CNY 8,999","USD 1,399","AED 4,499"
iPhone 13 mini 128GB,"PKR 174,999","INR 69,900","CNY 5,199",USD 699,"AED 2,599"
iPhone 13 mini 256GB,"PKR 184,999","INR 74,900","CNY 5,599",USD 799,"AED 2,999"
iPhone 13 mini 512GB,"PKR 194,999","INR 84,900","CNY 5,999",USD 899,"AED 3,299"
iPhone 13 128GB,"PKR 194,999","INR 74,900","CNY 5,499",USD 799,"AED 2,999"
iPhone 13 256GB,"PKR 204,999","INR 84,900","CNY 5,899",USD 899,"AED 3,199"
iPhone 13 512GB,"PKR 224,999","INR 94,900","CNY 6,299",USD 999,"AED 3,599"
iPhone 13 Pro 128GB,"PKR 294,999","INR 119,900","CNY 7,299",USD 999,"AED 3,999"
iPhone 13 Pro 256GB,"PKR 314,999","INR 129,900","CNY 7,699","USD 1,099","AED 4,199"
iPhone 13 Pro 512GB,"PKR 344,999","INR 139,900","CNY 8,199","USD 1,199","AED 4,399"
iPhone 13 Pro Max 128GB,"PKR 324,999","INR 129,900","CNY 8,299","USD 1,099","AED 4,199"
iPhone 13 Pro Max 256GB,"PKR 354,999","INR 139,900","CNY 8,799","USD 1,199","AED 4,399"
iPhone 13 Pro Max 512GB,"PKR 384,999","INR 149,900","CNY 9,199","USD 1,399","AED 4,599"
iPhone 12 mini 64GB,"PKR 174,999","INR 69,900","CNY 5,199",USD 699,"AED 2,599"
iPhone 12 mini 128GB,"PKR 184,999","INR 74,900","CNY 5,599",USD 799,"AED 2,999"
iPhone 12 mini 256GB,"PKR 194,999","INR 84,900","CNY 5,999",USD 899,"AED 3,299"
iPhone 12 64GB,"PKR 194,999","INR 74,900","CNY 5,499",USD 799,"AED 2,999"
iPhone 12 128GB,"PKR 204,999","INR 84,900","CNY 5,899",USD 899,"AED 3,199"
iPhone 12 256GB,"PKR 224,999","INR 94,900","CNY 6,299",USD 999,"AED 3,599"
iPhone 12 Pro 128GB,"PKR 314,999","INR 119,900","CNY 7,299",USD 999,"AED 3,999"
iPhone 12 Pro 256GB,"PKR 334,999","INR 129,900","CNY 7,699","USD 1,099","AED 4,199"
iPhone 12 Pro 512GB,"PKR 354,999","INR 139,900","CNY 8,199","USD 1,199","AED 4,399"
iPhone 12 Pro Max 128GB,"PKR 344,999","INR 129,900","CNY 8,399","USD 1,099","AED 4,199"
iPhone 12 Pro Max 256GB,"PKR 364,999","INR 139,900","CNY 8,799","USD 1,199","AED 4,399"
iPhone 12 Pro Max 512GB,"PKR 384,999","INR 149,900","CNY 9,199","USD 1,399","AED 4,599"
iPhone 11 64GB,"PKR 159,999","INR 64,900","CNY 5,499",USD 699,"AED 2,499"
iPhone 11 128GB,"PKR 169,999","INR 74,900","CNY 5,899",USD 799,"AED 2,999"
iPhone 11 256GB,"PKR 179,999","INR 84,900","CNY 6,299",USD 899,"AED 3,299"
iPhone 11 Pro 64GB,"PKR 219,999","INR 99,900","CNY 6,999",USD 999,"AED 3,799"
iPhone 11 Pro 256GB,"PKR 239,999","INR 109,900","CNY 7,399","USD 1,099","AED 4,199"
iPhone 11 Pro 512GB,"PKR 259,999","INR 119,900","CNY 7,999","USD 1,199","AED 4,599"
iPhone 11 Pro Max 64GB,"PKR 269,999","INR 109,900","CNY 7,799","USD 1,099","AED 4,399"
iPhone 11 Pro Max 256GB,"PKR 289,999","INR 119,900","CNY 8,199","USD 1,199","AED 4,599"
iPhone 11 Pro Max 512GB,"PKR 309,999","INR 129,900","CNY 8,799","USD 1,399","AED 4,999"
iPhone X 64GB,"PKR 164,999","INR 89,900","CNY 8,388",USD 999,"AED 3,799"
iPhone X 256GB,"PKR 184,999","INR 99,900","CNY 8,788","USD 1,099","AED 4,199"
iPhone XS 64GB,"PKR 219,999","INR 99,900","CNY 9,188",USD 999,"AED 3,899"
iPhone XS 256GB,"PKR 239,999","INR 109,900","CNY 9,788","USD 1,099","AED 4,299"
iPhone XS 512GB,"PKR 259,999","INR 119,900","CNY 10,388","USD 1,299","AED 4,799"
iPhone XS Max 64GB,"PKR 249,999","INR 109,900","CNY 10,088","USD 1,099","AED 4,399"
iPhone XS Max 256GB,"PKR 269,999","INR 119,900","CNY 10,688","USD 1,249","AED 4,799"
iPhone XS Max 512GB,"PKR 289,999","INR 129,900","CNY 11,288","USD 1,399","AED 5,099"
iPhone XR 64GB,"PKR 149,999","INR 64,900","CNY 6,299",USD 749,"AED 2,699"
iPhone XR 128GB,"PKR 159,999","INR 74,900","CNY 6,799",USD 799,"AED 3,099"
iPhone XR 256GB,"PKR 179,999","INR 84,900","CNY 7,299",USD 899,"AED 3,399"
iPad Air 10.9-inch 64GB,"PKR 79,999","INR 54,900","CNY 3,299",USD 599,"AED 2,099"
iPad Air 10.9-inch 256GB,"PKR 89,999","INR 64,900","CNY 3,699",USD 749,"AED 2,499"
iPad 10.2-inch 32GB,"PKR 49,999","INR 29,900","CNY 2,299",USD 329,"AED 1,199"
iPad 10.2-inch 128GB,"PKR 59,999","INR 39,900","CNY 2,699",USD 429,"AED 1,499"
iPad Mini 7.9-inch 64GB,"PKR 69,999","INR 39,900","CNY 3,499",USD 399,"AED 1,499"
iPad Mini 7.9-inch 256GB,"PKR 79,999","INR 49,900","CNY 3,799",USD 499,"AED 1,799"
iPad Pro 11-inch 128GB,"PKR 149,999","INR 71,900","CNY 6,399",USD 799,"AED 2,799"
iPad Pro 11-inch 256GB,"PKR 169,999","INR 89,900","CNY 7,199",USD 899,"AED 3,199"
iPad Pro 11-inch 512GB,"PKR 189,999","INR 109,900","CNY 7,999","USD 1,099","AED 3,699"
iPad Pro 12.9-inch 128GB,"PKR 219,999","INR 94,900","CNY 7,999",USD 999,"AED 3,799"
iPad Pro 12.9-inch 256GB,"PKR 239,999","INR 109,900","CNY 8,699","USD 1,099","AED 4,199"
iPad Pro 12.9-inch 512GB,"PKR 259,999","INR 119,900","CNY 9,199","USD 1,299","AED 4,599"
iPad Pro 13-inch 128GB,"PKR 259,999","INR 119,900","CNY 8,699","USD 1,099","AED 4,499"
iPad Pro 13-inch 256GB,"PKR 279,999","INR 139,900","CNY 9,199","USD 1,199","AED 4,799"
iPad Pro 13-inch 512GB,"PKR 309,999","INR 159,900","CNY 9,799","USD 1,399","AED 5,299"
iPad Pro 13-inch 1TB,"PKR 359,999","INR 179,900","CNY 10,399","USD 1,599","AED 5,799"
iPad Pro 13-inch 2TB,"PKR 399,999","INR 199,900","CNY 11,199","USD 1,799","AED 6,099"
Galaxy S24 Ultra 128GB,"PKR 450,000","INR 104,900","CNY 7,499","USD 1,199","AED 4,899"
Galaxy S24 Ultra 256GB,"PKR 480,000","INR 114,900","CNY 7,999","USD 1,299","AED 5,099"
Galaxy S24+ 128GB,"PKR 400,000","INR 89,900","CNY 6,199",USD 899,"AED 3,599"
Galaxy S24+ 256GB,"PKR 430,000","INR 99,900","CNY 6,999",USD 999,"AED 3,799"
Galaxy S24 128GB,"PKR 350,000","INR 79,900","CNY 5,799",USD 799,"AED 3,299"
Galaxy S24 256GB,"PKR 380,000","INR 89,900","CNY 6,199",USD 899,"AED 3,499"
Galaxy S23 Ultra 128GB,"PKR 430,000","INR 99,900","CNY 7,299","USD 1,199","AED 4,599"
Galaxy S23 Ultra 256GB,"PKR 460,000","INR 109,900","CNY 7,999","USD 1,299","AED 4,899"
Galaxy S23+ 128GB,"PKR 360,000","INR 79,900","CNY 6,199",USD 899,"AED 3,399"
Galaxy S23+ 256GB,"PKR 390,000","INR 89,900","CNY 6,799",USD 999,"AED 3,599"
Galaxy S23 128GB,"PKR 320,000","INR 69,900","CNY 5,499",USD 799,"AED 3,099"
Galaxy S23 256GB,"PKR 350,000","INR 79,900","CNY 5,999",USD 899,"AED 3,299"
Galaxy S22 Ultra 128GB,"PKR 420,000","INR 94,900","CNY 6,599","USD 1,099","AED 4,499"
Galaxy S22 Ultra 256GB,"PKR 450,000","INR 104,900","CNY 7,199","USD 1,199","AED 4,799"
Galaxy S22+ 128GB,"PKR 350,000","INR 79,900","CNY 5,999",USD 799,"AED 3,299"
Galaxy S22+ 256GB,"PKR 380,000","INR 89,900","CNY 6,499",USD 899,"AED 3,599"
Galaxy S22 128GB,"PKR 300,000","INR 69,900","CNY 5,499",USD 699,"AED 2,999"
Galaxy S22 256GB,"PKR 330,000","INR 79,900","CNY 5,999",USD 799,"AED 3,199"
Galaxy Z Fold 5 256GB,"PKR 500,000","INR 154,900","CNY 11,999","USD 1,799","AED 6,999"
Galaxy Z Fold 5 512GB,"PKR 550,000","INR 174,900","CNY 12,999","USD 1,899","AED 7,499"
Galaxy Z Flip 5 256GB,"PKR 350,000","INR 94,900","CNY 7,999",USD 999,"AED 4,099"
Galaxy Z Flip 5 512GB,"PKR 380,000","INR 104,900","CNY 8,999","USD 1,099","AED 4,399"
Galaxy Z Fold 4 256GB,"PKR 480,000","INR 134,900","CNY 10,999","USD 1,799","AED 6,499"
Galaxy Z Fold 4 512GB,"PKR 530,000","INR 154,900","CNY 11,999","USD 1,899","AED 7,099"
Galaxy Z Flip 4 256GB,"PKR 320,000","INR 84,900","CNY 6,999",USD 999,"AED 3,799"
Galaxy Z Flip 4 512GB,"PKR 350,000","INR 94,900","CNY 7,999","USD 1,099","AED 4,099"
Galaxy A54 128GB,"PKR 85,000","INR 27,999","CNY 2,199",USD 399,"AED 1,399"
Galaxy A54 256GB,"PKR 95,000","INR 32,999","CNY 2,499",USD 449,"AED 1,499"
Galaxy A34 128GB,"PKR 75,000","INR 22,999","CNY 1,799",USD 349,"AED 1,299"
Galaxy A34 256GB,"PKR 85,000","INR 27,999","CNY 1,999",USD 399,"AED 1,399"
Galaxy A24 128GB,"PKR 70,000","INR 19,999","CNY 1,599",USD 299,"AED 1,199"
Galaxy A24 256GB,"PKR 80,000","INR 24,999","CNY 1,799",USD 349,"AED 1,299"
Galaxy A14 128GB,"PKR 60,000","INR 18,499","CNY 1,499",USD 249,"AED 1,099"
Galaxy A14 256GB,"PKR 70,000","INR 21,999","CNY 1,699",USD 299,"AED 1,199"
Galaxy A04 64GB,"PKR 50,000","INR 14,999","CNY 1,199",USD 199,AED 899
Galaxy A04 128GB,"PKR 60,000","INR 18,499","CNY 1,399",USD 249,AED 999
Galaxy M54 128GB,"PKR 95,000","INR 23,999","CNY 2,099",USD 349,"AED 1,299"
Galaxy M54 256GB,"PKR 105,000","INR 26,999","CNY 2,299",USD 399,"AED 1,399"
Galaxy M34 128GB,"PKR 70,000","INR 17,999","CNY 1,699",USD 299,"AED 1,099"
Galaxy M34 256GB,"PKR 80,000","INR 20,999","CNY 1,999",USD 349,"AED 1,199"
Galaxy M14 128GB,"PKR 60,000","INR 14,999","CNY 1,399",USD 249,AED 999
Galaxy M14 256GB,"PKR 70,000","INR 17,999","CNY 1,599",USD 299,"AED 1,099"
Galaxy M04 64GB,"PKR 50,000","INR 12,999","CNY 1,099",USD 199,AED 899
Galaxy M04 128GB,"PKR 60,000","INR 15,999","CNY 1,299",USD 249,AED 999
Galaxy F54 128GB,"PKR 85,000","INR 23,999","CNY 2,199",USD 349,"AED 1,299"
Galaxy F54 256GB,"PKR 95,000","INR 26,999","CNY 2,399",USD 399,"AED 1,399"
Galaxy F34 128GB,"PKR 70,000","INR 18,999","CNY 1,799",USD 299,"AED 1,099"
Galaxy F34 256GB,"PKR 80,000","INR 21,999","CNY 1,999",USD 349,"AED 1,199"
Galaxy F14 128GB,"PKR 60,000","INR 14,999","CNY 1,399",USD 249,AED 999
Galaxy F14 256GB,"PKR 70,000","INR 17,999","CNY 1,599",USD 299,"AED 1,099"
Galaxy Note 20 Ultra 128GB,"PKR 180,000","INR 99,999","CNY 7,999","USD 1,299","AED 4,499"
Galaxy Note 20 Ultra 256GB,"PKR 200,000","INR 1,04,999","CNY 8,499","USD 1,399","AED 4,999"
Galaxy Note 20 128GB,"PKR 150,000","INR 77,999","CNY 6,499",USD 999,"AED 3,999"
Galaxy Note 20 256GB,"PKR 170,000","INR 89,999","CNY 7,099","USD 1,099","AED 4,199"
Galaxy Note 10+ 256GB,"PKR 160,000","INR 74,999","CNY 6,299","USD 1,099","AED 3,899"
Galaxy Note 10+ 512GB,"PKR 180,000","INR 84,999","CNY 6,999","USD 1,199","AED 4,199"
Galaxy Note 10 256GB,"PKR 140,000","INR 64,999","CNY 5,699",USD 949,"AED 3,699"
Galaxy Note 10 128GB,"PKR 120,000","INR 59,999","CNY 5,199",USD 899,"AED 3,399"
Galaxy Xcover 6 Pro 128GB,"PKR 75,000","INR 28,999","CNY 2,299",USD 499,"AED 1,699"
Galaxy Xcover 5 64GB,"PKR 50,000","INR 17,499","CNY 1,299",USD 249,AED 899
Galaxy J8 64GB,"PKR 45,000","INR 18,990","CNY 1,699",USD 199,AED 799
Galaxy J7 Pro 64GB,"PKR 40,000","INR 18,990","CNY 1,599",USD 179,AED 699
Galaxy J6+ 64GB,"PKR 40,000","INR 15,999","CNY 1,499",USD 169,AED 699
Galaxy J4 16GB,"PKR 25,000","INR 9,990",CNY 999,USD 129,AED 499
Galaxy C9 Pro 64GB,"PKR 65,000","INR 32,990","CNY 3,099",USD 399,"AED 1,299"
Galaxy C7 Pro 64GB,"PKR 50,000","INR 22,990","CNY 2,499",USD 299,AED 999
Galaxy C5 32GB,"PKR 40,000","INR 19,990","CNY 1,899",USD 249,AED 799
Galaxy W22 5G 256GB,"PKR 280,000","INR 99,999","CNY 10,999","USD 1,499","AED 5,499"
Galaxy W21 5G 256GB,"PKR 260,000","INR 89,999","CNY 9,999","USD 1,399","AED 4,999"
Galaxy Tab S9 Ultra 256GB,"PKR 350,000","INR 1,14,999","CNY 9,999","USD 1,199","AED 4,499"
Galaxy Tab S9+ 256GB,"PKR 280,000","INR 99,999","CNY 8,799",USD 999,"AED 3,999"
Galaxy Tab S9 128GB,"PKR 230,000","INR 85,999","CNY 7,299",USD 799,"AED 3,299"
Galaxy Tab S9 FE 128GB,"PKR 150,000","INR 49,999","CNY 5,499",USD 549,"AED 1,999"
Galaxy Tab S8 Ultra 256GB,"PKR 320,000","INR 1,09,999","CNY 9,499","USD 1,099","AED 4,299"
Galaxy Tab S8+ 256GB,"PKR 250,000","INR 94,999","CNY 8,299",USD 899,"AED 3,699"
Galaxy Tab S8 128GB,"PKR 200,000","INR 74,999","CNY 6,999",USD 699,"AED 2,999"
Galaxy Tab A9+ 128GB,"PKR 100,000","INR 22,999","CNY 1,799",USD 229,AED 899
Galaxy Tab A9 64GB,"PKR 75,000","INR 16,999","CNY 1,299",USD 179,AED 699
Galaxy Tab A8 64GB,"PKR 68,000","INR 17,999","CNY 1,499",USD 199,AED 799
Galaxy Tab A7 Lite 32GB,"PKR 40,000","INR 11,999",CNY 999,USD 149,AED 599
Galaxy Tab Active 5 128GB,"PKR 150,000","INR 54,999","CNY 3,699",USD 549,"AED 2,199"
Galaxy Tab Active 4 Pro 128GB,"PKR 180,000","INR 64,999","CNY 4,299",USD 649,"AED 2,599"
Galaxy Tab Active 3 64GB,"PKR 120,000","INR 44,999","CNY 2,999",USD 499,"AED 1,899"
Galaxy Tab E 10.1 16GB,"PKR 35,000","INR 9,999",CNY 899,USD 129,AED 499
Galaxy Tab E 8.0 16GB,"PKR 28,000","INR 8,499",CNY 799,USD 99,AED 399
OnePlus 12 256GB,"PKR 219,999","INR 74,999","CNY 5,999",USD 799,"AED 3,199"
OnePlus 12R 256GB,"PKR 169,999","INR 49,999","CNY 4,299",USD 699,"AED 2,599"
OnePlus 11 256GB,"PKR 179,999","INR 54,999","CNY 4,999",USD 699,"AED 2,799"
OnePlus 11R 256GB,"PKR 159,999","INR 44,999","CNY 3,799",USD 599,"AED 2,499"
OnePlus Nord 3 256GB,"PKR 119,999","INR 34,999","CNY 3,499",USD 499,"AED 1,999"
OnePlus Nord CE 3 128GB,"PKR 85,000","INR 22,999","CNY 2,799",USD 399,"AED 1,499"
OnePlus Nord CE 3 Lite 128GB,"PKR 59,999","INR 17,999","CNY 2,099",USD 299,"AED 1,199"
OnePlus Nord N30 5G 128GB,"PKR 55,000","INR 16,999","CNY 1,999",USD 249,AED 999
OnePlus Open 256GB,"PKR 299,999","INR 74,999","CNY 6,999","USD 1,099","AED 4,299"
OnePlus 10 Pro 256GB,"PKR 199,999","INR 64,999","CNY 4,999",USD 899,"AED 3,299"
OnePlus 10T 256GB,"PKR 179,999","INR 54,999","CNY 4,699",USD 749,"AED 2,899"
OnePlus 9 Pro 256GB,"PKR 179,999","INR 59,999","CNY 4,199",USD 699,"AED 2,799"
OnePlus 9 128GB,"PKR 149,999","INR 39,999","CNY 3,699",USD 599,"AED 2,299"
OnePlus 11 Pro 256GB,"PKR 219,999","INR 74,999","CNY 6,399",USD 899,"AED 3,599"
OnePlus Nord 2T 128GB,"PKR 69,999","INR 28,999","CNY 2,499",USD 399,"AED 1,699"
OnePlus Nord 2 128GB,"PKR 59,999","INR 27,999","CNY 2,299",USD 349,"AED 1,499"
OnePlus Nord N200 64GB,"PKR 39,999","INR 15,999","CNY 1,199",USD 199,AED 799
OnePlus Nord N100 64GB,"PKR 29,999","INR 12,999","CNY 1,099",USD 179,AED 699
OnePlus 8T Cyberpunk 2077 Edition 256GB,"PKR 139,999","INR 45,999","CNY 3,699",USD 749,"AED 2,999"
OnePlus 9T 128GB,"PKR 159,999","INR 49,999","CNY 4,199",USD 649,"AED 2,799"
OnePlus 8T 256GB,"PKR 119,999","INR 42,999","CNY 3,499",USD 599,"AED 2,499"
OnePlus 10T 5G 256GB,"PKR 179,999","INR 54,999","CNY 4,699",USD 749,"AED 2,899"
OnePlus 9R 5G 128GB,"PKR 159,999","INR 39,999","CNY 3,499",USD 599,"AED 2,499"
OnePlus 8 Pro 256GB,"PKR 159,999","INR 54,999","CNY 4,999",USD 749,"AED 2,999"
OnePlus 8 128GB,"PKR 119,999","INR 41,999","CNY 3,499",USD 699,"AED 2,499"
OnePlus Nord CE 2 Lite 128GB,"PKR 49,999","INR 19,999","CNY 1,799",USD 249,AED 999
OnePlus Nord CE 2 128GB,"PKR 64,999","INR 23,999","CNY 2,499",USD 299,"AED 1,299"
OnePlus Nord 1 128GB,"PKR 49,999","INR 22,999","CNY 2,099",USD 349,"AED 1,499"
OnePlus Nord CE 5G 128GB,"PKR 54,999","INR 24,999","CNY 2,499",USD 299,"AED 1,499"
OnePlus Nord 2 5G 128GB,"PKR 69,999","INR 27,999","CNY 2,499",USD 399,"AED 1,699"
OnePlus Nord N100 5G 64GB,"PKR 29,999","INR 12,999","CNY 1,099",USD 179,AED 699
OnePlus Nord N10 5G 128GB,"PKR 49,999","INR 19,999","CNY 1,799",USD 299,"AED 1,099"
OnePlus 8R 128GB,"PKR 119,999","INR 41,999","CNY 3,499",USD 649,"AED 2,499"
OnePlus 7R 128GB,"PKR 109,999","INR 38,999","CNY 3,199",USD 599,"AED 2,399"
OnePlus 6T McLaren Edition 256GB,"PKR 149,999","INR 50,999","CNY 4,699",USD 799,"AED 3,299"
OnePlus 5T Star Wars Edition 128GB,"PKR 89,999","INR 34,999","CNY 3,499",USD 649,"AED 2,499"
OnePlus 13R 128GB,"PKR 219,999","INR 74,999","CNY 6,499",USD 849,"AED 3,599"
OnePlus 11T 128GB,"PKR 199,999","INR 74,999","CNY 5,999",USD 799,"AED 3,499"
OnePlus 10R 128GB,"PKR 169,999","INR 49,999","CNY 3,899",USD 599,"AED 2,499"
OnePlus 7 Pro 5G 256GB,"PKR 169,999","INR 59,999","CNY 4,699",USD 799,"AED 3,299"
OnePlus 6 Special Edition 128GB,"PKR 99,999","INR 37,999","CNY 3,499",USD 599,"AED 2,499"
OnePlus 5 Special Edition 128GB,"PKR 94,999","INR 36,999","CNY 3,299",USD 599,"AED 2,399"
OnePlus Nord X 128GB,"PKR 69,999","INR 24,999","CNY 2,499",USD 299,"AED 1,299"
OnePlus 8 Pro McLaren Edition 256GB,"PKR 169,999","INR 59,999","CNY 4,999",USD 899,"AED 3,599"
OnePlus 8T Cyberpunk Edition 256GB,"PKR 169,999","INR 58,999","CNY 4,699",USD 799,"AED 3,299"
OnePlus 7T Pro 5G McLaren Edition 256GB,"PKR 179,999","INR 69,999","CNY 5,299",USD 899,"AED 3,799"
OnePlus 15R 128GB,"PKR 229,999","INR 74,999","CNY 6,499",USD 849,"AED 3,699"
OnePlus 14+ 128GB,"PKR 199,999","INR 69,999","CNY 5,999",USD 799,"AED 3,499"
OnePlus 13 Pro 256GB,"PKR 219,999","INR 74,999","CNY 6,199",USD 899,"AED 3,799"
OnePlus 12T 5G 256GB,"PKR 219,999","INR 74,999","CNY 5,899",USD 849,"AED 3,599"
OnePlus Pad,"PKR 94,999","INR 39,999","CNY 3,999",USD 499,"AED 1,799"
OnePlus Pad 2,"PKR 104,999","INR 44,999","CNY 4,499",USD 549,"AED 1,999"
OnePlus Pad Pro,"PKR 169,999","INR 69,999","CNY 5,999",USD 799,"AED 2,599"
X200 128GB,"PKR 199,999","INR 119,999","CNY 6,999",USD 999,"AED 3,699"
X200 256GB,"PKR 219,999","INR 129,999","CNY 7,499","USD 1,099","AED 3,999"
X200 Pro 256GB,"PKR 229,999","INR 139,999","CNY 7,999","USD 1,199","AED 4,399"
X200 Pro 512GB,"PKR 249,999","INR 149,999","CNY 8,499","USD 1,299","AED 4,699"
X200 Pro Mini 256GB,"PKR 189,999","INR 109,999","CNY 6,499",USD 949,"AED 3,499"
V40e 128GB,"PKR 79,999","INR 44,999","CNY 2,999",USD 449,"AED 1,649"
Y200 GT 128GB,"PKR 69,999","INR 39,999","CNY 2,499",USD 399,"AED 1,499"
T3 5G 128GB,"PKR 59,999","INR 34,999","CNY 2,299",USD 349,"AED 1,299"
Y100 5G 128GB,"PKR 54,999","INR 29,999","CNY 1,999",USD 299,"AED 1,099"
S18 Pro 256GB,"PKR 99,999","INR 59,999","CNY 3,999",USD 599,"AED 2,199"
V30 Pro 128GB,"PKR 89,999","INR 49,999","CNY 3,499",USD 549,"AED 1,999"
iQOO 12 256GB,"PKR 109,999","INR 64,999","CNY 4,499",USD 699,"AED 2,599"
Z3 64GB,"PKR 39,999","INR 22,999","CNY 1,699",USD 249,AED 899
V9 64GB,"PKR 34,999","INR 19,999","CNY 1,499",USD 219,AED 799
X9 Plus 128GB,"PKR 42,999","INR 24,999","CNY 2,199",USD 299,"AED 1,099"
Y81 32GB,"PKR 22,999","INR 12,999",CNY 999,USD 149,AED 549
X5Max 16GB,"PKR 29,999","INR 16,999","CNY 1,299",USD 199,AED 699
V5 Plus 64GB,"PKR 39,999","INR 22,999","CNY 1,699",USD 249,AED 899
Y95 64GB,"PKR 29,999","INR 16,999","CNY 1,299",USD 199,AED 699
V3 Max 32GB,"PKR 24,999","INR 13,999","CNY 1,199",USD 179,AED 649
X3S 16GB,"PKR 19,999","INR 10,999",CNY 899,USD 139,AED 499
Y66 32GB,"PKR 27,999","INR 14,999","CNY 1,199",USD 179,AED 649
V19 128GB,"PKR 49,999","INR 27,990","CNY 2,799",USD 399,"AED 1,499"
V19 256GB,"PKR 54,999","INR 31,990","CNY 3,199",USD 429,"AED 1,599"
V17 Pro 128GB,"PKR 54,999","INR 27,990","CNY 2,999",USD 399,"AED 1,499"
V17 Pro 256GB,"PKR 59,999","INR 33,990","CNY 3,199",USD 429,"AED 1,599"
Y12s 64GB,"PKR 18,999","INR 10,990",CNY 899,USD 159,AED 599
Y12s 128GB,"PKR 22,999","INR 13,990","CNY 1,099",USD 179,AED 699
S1 Pro 128GB,"PKR 39,999","INR 19,990","CNY 2,299",USD 249,AED 999
S1 Pro 256GB,"PKR 44,999","INR 24,990","CNY 2,499",USD 269,"AED 1,099"
Y11 32GB,"PKR 18,499","INR 10,999",CNY 899,USD 149,AED 599
Y11 64GB,"PKR 22,499","INR 13,490","CNY 1,099",USD 169,AED 649
V15 128GB,"PKR 34,999","INR 22,990","CNY 2,199",USD 299,"AED 1,099"
V15 256GB,"PKR 39,999","INR 26,990","CNY 2,399",USD 319,"AED 1,199"
X27 Pro 128GB,"PKR 59,999","INR 35,990","CNY 3,499",USD 499,"AED 1,799"
X27 Pro 256GB,"PKR 64,999","INR 39,990","CNY 3,799",USD 549,"AED 1,999"
Y30 128GB,"PKR 24,999","INR 14,990","CNY 1,499",USD 199,AED 749
Y30 64GB,"PKR 19,999","INR 11,990","CNY 1,299",USD 169,AED 649
Z1 Pro 64GB,"PKR 29,999","INR 18,990","CNY 1,799",USD 249,AED 899
Z1 Pro 128GB,"PKR 34,999","INR 22,990","CNY 2,099",USD 299,AED 999
X21 128GB,"PKR 39,999","INR 24,990","CNY 2,299",USD 349,"AED 1,199"
X21 64GB,"PKR 34,999","INR 21,990","CNY 1,899",USD 299,AED 999
V23e 128GB,"PKR 39,999","INR 20,999","CNY 1,799",USD 299,"AED 1,099"
V23e 256GB,"PKR 44,999","INR 24,999","CNY 1,999",USD 349,"AED 1,199"
Y33s 128GB,"PKR 34,999","INR 17,999","CNY 1,699",USD 239,AED 899
Y33s 64GB,"PKR 29,999","INR 14,999","CNY 1,299",USD 179,AED 799
X60 Pro 256GB,"PKR 109,999","INR 44,999","CNY 3,999",USD 899,"AED 1,999"
X60 Pro 512GB,"PKR 119,999","INR 49,999","CNY 4,199",USD 999,"AED 2,099"
V20 Pro 128GB,"PKR 49,999","INR 25,999","CNY 2,699",USD 499,"AED 1,499"
V20 Pro 256GB,"PKR 54,999","INR 29,999","CNY 2,999",USD 549,"AED 1,699"
Y75 5G 128GB,"PKR 54,999","INR 21,999","CNY 2,199",USD 349,"AED 1,299"
Y75 5G 256GB,"PKR 59,999","INR 25,999","CNY 2,499",USD 399,"AED 1,499"
Y53s 128GB,"PKR 34,999","INR 16,999","CNY 1,699",USD 229,AED 899
Y53s 64GB,"PKR 29,999","INR 13,999","CNY 1,299",USD 179,AED 799
V15 Pro 128GB,"PKR 44,999","INR 25,999","CNY 2,499",USD 399,"AED 1,499"
V15 Pro 256GB,"PKR 49,999","INR 29,999","CNY 2,799",USD 449,"AED 1,699"
X70 Pro 128GB,"PKR 99,999","INR 39,999","CNY 4,299",USD 749,"AED 2,099"
X70 Pro 256GB,"PKR 109,999","INR 44,999","CNY 4,699",USD 799,"AED 2,299"
T1 5G 128GB,"PKR 39,999","INR 17,999","CNY 1,799",USD 269,AED 999
T1 5G 256GB,"PKR 44,999","INR 21,999","CNY 1,999",USD 319,"AED 1,099"
X30 Pro 128GB,"PKR 109,999","INR 47,999","CNY 4,599",USD 899,"AED 2,299"
X30 Pro 256GB,"PKR 119,999","INR 54,999","CNY 5,199",USD 949,"AED 2,499"
V27 128GB,"PKR 79,999","INR 29,999","CNY 2,999",USD 599,"AED 1,699"
V27 256GB,"PKR 84,999","INR 32,999","CNY 3,199",USD 649,"AED 1,899"
V27 Pro 128GB,"PKR 89,999","INR 34,999","CNY 3,299",USD 699,"AED 1,899"
V27 Pro 256GB,"PKR 94,999","INR 37,999","CNY 3,499",USD 749,"AED 2,099"
V25 Pro 128GB,"PKR 79,999","INR 25,999","CNY 2,799",USD 599,"AED 1,599"
V25 Pro 256GB,"PKR 85,999","INR 29,999","CNY 2,999",USD 649,"AED 1,799"
X90 Pro 256GB,"PKR 199,999","INR 69,999","CNY 6,999","USD 1,099","AED 3,999"
X90 Pro 512GB,"PKR 229,999","INR 79,999","CNY 7,499","USD 1,199","AED 4,499"
Y100 128GB,"PKR 59,999","INR 19,999","CNY 1,999",USD 399,"AED 1,199"
Y100 256GB,"PKR 64,999","INR 22,999","CNY 2,199",USD 449,"AED 1,399"
T2 Series 128GB,"PKR 49,999","INR 15,999","CNY 1,699",USD 299,AED 999
T2 Series 256GB,"PKR 54,999","INR 18,999","CNY 1,799",USD 349,"AED 1,099"
V23 5G 128GB,"PKR 69,999","INR 27,999","CNY 2,799",USD 499,"AED 1,499"
V23 5G 256GB,"PKR 74,999","INR 32,999","CNY 3,199",USD 549,"AED 1,699"
X80 256GB,"PKR 179,999","INR 59,999","CNY 5,999",USD 899,"AED 3,499"
X80 512GB,"PKR 199,999","INR 69,999","CNY 6,499",USD 999,"AED 3,999"
Y21 128GB,"PKR 29,999","INR 12,999","CNY 1,299",USD 199,AED 699
Y21 64GB,"PKR 26,999","INR 9,999","CNY 1,099",USD 179,AED 599
Pad 128GB,"PKR 64,999","INR 34,999","CNY 2,499",USD 329,"AED 1,199"
Pad 2 256GB,"PKR 74,999","INR 39,999","CNY 3,199",USD 399,"AED 1,399"
Pad Air 128GB,"PKR 58,999","INR 31,999","CNY 2,199",USD 279,AED 999
Pad 3 128GB,"PKR 62,999","INR 34,999","CNY 2,399",USD 349,"AED 1,199"
Pad 3 Pro 256GB,"PKR 84,999","INR 45,999","CNY 3,599",USD 449,"AED 1,599"
Pad 4 Pro 256GB,"PKR 94,999","INR 49,999","CNY 4,299",USD 499,"AED 1,799"
Pad 128GB,"PKR 69,999","INR 37,999","CNY 2,699",USD 349,"AED 1,299"
Pad 2 256GB,"PKR 79,999","INR 43,999","CNY 3,499",USD 399,"AED 1,499"
Pad 2 Pro 256GB,"PKR 89,999","INR 49,999","CNY 3,899",USD 449,"AED 1,699"
Find N3 512GB,"PKR 299,999","INR 159,999","CNY 9,999","USD 1,399","AED 5,199"
Find N3 Flip 256GB,"PKR 199,999","INR 109,999","CNY 6,999",USD 999,"AED 3,699"
Find X8 Pro 256GB,"PKR 249,999","INR 139,999","CNY 8,999","USD 1,299","AED 4,799"
Find X8 256GB,"PKR 199,999","INR 119,999","CNY 7,499","USD 1,099","AED 4,099"
Reno13 F 4G 256GB,"PKR 79,999","INR 44,999","CNY 3,499",USD 499,"AED 1,899"
Reno13 F 256GB,"PKR 79,999","INR 44,999","CNY 3,499",USD 499,"AED 1,899"
Reno13 Pro 512GB,"PKR 129,999","INR 69,999","CNY 5,999",USD 799,"AED 2,999"
Reno13 256GB,"PKR 99,999","INR 54,999","CNY 4,999",USD 699,"AED 2,599"
Reno12 F 4G 256GB,"PKR 69,999","INR 39,999","CNY 3,199",USD 449,"AED 1,699"
Reno12 F 256GB,"PKR 69,999","INR 39,999","CNY 3,199",USD 449,"AED 1,699"
Reno12 Pro 512GB,"PKR 119,999","INR 64,999","CNY 5,499",USD 749,"AED 2,799"
Reno12 256GB,"PKR 89,999","INR 49,999","CNY 3,999",USD 599,"AED 2,199"
Reno11 F 256GB,"PKR 79,999","INR 44,999","CNY 3,499",USD 499,"AED 1,899"
Reno11 Pro 512GB,"PKR 109,999","INR 59,999","CNY 4,999",USD 699,"AED 2,599"
A5 Pro 256GB,"PKR 89,999","INR 49,999","CNY 3,999",USD 599,"AED 2,199"
A5 Pro 512GB,"PKR 99,999","INR 54,999","CNY 4,499",USD 699,"AED 2,499"
A80 256GB,"PKR 79,999","INR 44,999","CNY 3,499",USD 499,"AED 1,899"
A3 4G 128GB,"PKR 59,999","INR 34,999","CNY 2,999",USD 399,"AED 1,499"
A3x 4G 128GB,"PKR 64,999","INR 36,999","CNY 3,199",USD 449,"AED 1,699"
A3x 4G 256GB,"PKR 69,999","INR 39,999","CNY 3,499",USD 499,"AED 1,899"
A3 128GB,"PKR 59,999","INR 34,999","CNY 2,999",USD 399,"AED 1,499"
A3x 128GB,"PKR 64,999","INR 36,999","CNY 3,199",USD 449,"AED 1,699"
A3x 256GB,"PKR 69,999","INR 39,999","CNY 3,499",USD 499,"AED 1,899"
A3 128GB,"PKR 59,999","INR 34,999","CNY 2,999",USD 399,"AED 1,499"
A60 128GB,"PKR 69,999","INR 39,999","CNY 3,199",USD 449,"AED 1,699"
A60 256GB,"PKR 74,999","INR 42,999","CNY 3,499",USD 499,"AED 1,899"
K12 Plus 256GB,"PKR 109,999","INR 59,999","CNY 4,999",USD 699,"AED 2,599"
K12 Plus 512GB,"PKR 119,999","INR 64,999","CNY 5,499",USD 799,"AED 2,999"
F27 128GB,"PKR 79,999","INR 44,999","CNY 3,499",USD 499,"AED 1,899"
F27 256GB,"PKR 84,999","INR 47,999","CNY 3,799",USD 549,"AED 2,099"
F27 Pro+ 256GB,"PKR 89,999","INR 49,999","CNY 3,999",USD 599,"AED 2,199"
F27 Pro+ 512GB,"PKR 99,999","INR 54,999","CNY 4,499",USD 699,"AED 2,499"
F25 Pro 128GB,"PKR 74,999","INR 42,999","CNY 3,499",USD 549,"AED 1,999"
F25 Pro 256GB,"PKR 79,999","INR 44,999","CNY 3,799",USD 599,"AED 2,199"
Pad 3 128GB,"PKR 99,999","INR 54,999","CNY 4,499",USD 699,"AED 2,499"
Pad 3 256GB,"PKR 109,999","INR 59,999","CNY 4,999",USD 799,"AED 2,799"
Pad 3 Pro 256GB,"PKR 119,999","INR 64,999","CNY 5,499",USD 899,"AED 3,299"
Pad 3 Pro 512GB,"PKR 129,999","INR 69,999","CNY 5,999",USD 999,"AED 3,699"
Pad Neo 128GB,"PKR 79,999","INR 44,999","CNY 3,499",USD 499,"AED 1,899"
Pad Neo 256GB,"PKR 89,999","INR 49,999","CNY 3,999",USD 599,"AED 2,199"
Find X7 Ultra 256GB,"PKR 199,999","INR 109,999","CNY 7,999","USD 1,199","AED 4,399"
Find X7 Ultra 512GB,"PKR 219,999","INR 119,999","CNY 8,999","USD 1,299","AED 4,799"
Find X7 256GB,"PKR 179,999","INR 99,999","CNY 6,999","USD 1,099","AED 3,999"
Find X7 512GB,"PKR 199,999","INR 109,999","CNY 7,999","USD 1,199","AED 4,399"
Find X6 Pro 256GB,"PKR 169,999","INR 94,999","CNY 6,499",USD 999,"AED 3,699"
Find X6 Pro 512GB,"PKR 189,999","INR 104,999","CNY 7,499","USD 1,099","AED 4,099"
Find X6 256GB,"PKR 149,999","INR 84,999","CNY 5,999",USD 899,"AED 3,299"
Find X6 512GB,"PKR 169,999","INR 94,999","CNY 6,999",USD 999,"AED 3,699"
Find X5 Pro 256GB,"PKR 159,999","INR 89,999","CNY 5,999",USD 899,"AED 3,299"
Find X5 Pro 512GB,"PKR 179,999","INR 99,999","CNY 6,999",USD 999,"AED 3,699"
Find X5 256GB,"PKR 139,999","INR 79,999","CNY 4,999",USD 799,"AED 2,999"
Find N2 Flip 256GB,"PKR 149,999","INR 84,999","CNY 5,999",USD 899,"AED 3,299"
Find N2 Flip 512GB,"PKR 169,999","INR 94,999","CNY 6,999",USD 999,"AED 3,699"
Find N2 256GB,"PKR 179,999","INR 99,999","CNY 6,999","USD 1,099","AED 3,999"
Reno10 5G 128GB,"PKR 129,999","INR 38,999","CNY 2,699",USD 499,"AED 1,899"
Reno10 5G 256GB,"PKR 149,999","INR 42,999","CNY 2,999",USD 549,"AED 2,099"
Reno10 Pro 5G 256GB,"PKR 169,999","INR 44,999","CNY 3,499",USD 599,"AED 2,299"
Reno10 Pro+ 5G 256GB,"PKR 199,999","INR 54,999","CNY 3,999",USD 699,"AED 2,599"
Reno9 5G 128GB,"PKR 109,999","INR 32,999","CNY 2,399",USD 449,"AED 1,699"
Reno9 5G 256GB,"PKR 129,999","INR 36,999","CNY 2,699",USD 499,"AED 1,899"
Reno9 Pro 5G 256GB,"PKR 159,999","INR 42,999","CNY 3,299",USD 599,"AED 2,199"
Reno9 Pro+ 5G 256GB,"PKR 189,999","INR 52,999","CNY 3,799",USD 649,"AED 2,499"
Reno8 5G 128GB,"PKR 89,999","INR 29,999","CNY 2,199",USD 399,"AED 1,499"
Reno8 5G 256GB,"PKR 99,999","INR 34,999","CNY 2,499",USD 449,"AED 1,699"
Reno8 Pro 5G 256GB,"PKR 129,999","INR 42,999","CNY 3,099",USD 549,"AED 1,999"
Reno8 Pro+ 5G 256GB,"PKR 139,999","INR 46,999","CNY 3,399",USD 599,"AED 2,199"
Reno7 5G 128GB,"PKR 79,999","INR 28,999","CNY 1,999",USD 349,"AED 1,299"
Reno7 5G 256GB,"PKR 89,999","INR 32,999","CNY 2,199",USD 399,"AED 1,499"
Reno7 Pro 5G 256GB,"PKR 109,999","INR 39,999","CNY 2,799",USD 499,"AED 1,799"
Reno6 5G 128GB,"PKR 79,999","INR 29,999","CNY 2,399",USD 349,"AED 1,299"
Reno6 5G 256GB,"PKR 89,999","INR 32,999","CNY 2,699",USD 399,"AED 1,499"
Reno6 Pro 5G 128GB,"PKR 99,999","INR 39,999","CNY 2,999",USD 449,"AED 1,699"
Reno6 Pro 5G 256GB,"PKR 109,999","INR 44,999","CNY 3,299",USD 499,"AED 1,899"
Reno6 Pro+ 5G 256GB,"PKR 129,999","INR 49,999","CNY 3,999",USD 599,"AED 2,199"
Reno5 5G 128GB,"PKR 69,999","INR 26,999","CNY 2,099",USD 299,"AED 1,099"
Reno5 5G 256GB,"PKR 79,999","INR 29,999","CNY 2,399",USD 349,"AED 1,299"
Reno5 Pro 5G 128GB,"PKR 89,999","INR 32,999","CNY 2,799",USD 399,"AED 1,499"
Reno5 Pro 5G 256GB,"PKR 99,999","INR 36,999","CNY 3,099",USD 449,"AED 1,699"
Reno5 Pro+ 5G 256GB,"PKR 119,999","INR 44,999","CNY 3,799",USD 599,"AED 2,099"
Reno4 5G 128GB,"PKR 59,999","INR 24,999","CNY 1,899",USD 299,AED 999
Reno4 5G 256GB,"PKR 69,999","INR 26,999","CNY 2,199",USD 349,"AED 1,199"
Reno4 Pro 5G 256GB,"PKR 99,999","INR 39,999","CNY 3,299",USD 499,"AED 1,799"
Reno3 5G 128GB,"PKR 49,999","INR 22,999","CNY 1,799",USD 249,AED 899
Reno3 5G 256GB,"PKR 59,999","INR 26,999","CNY 2,099",USD 299,"AED 1,099"
Reno3 Pro 5G 256GB,"PKR 79,999","INR 34,999","CNY 3,299",USD 499,"AED 1,799"
A59 5G 128GB,"PKR 39,999","INR 14,999","CNY 1,699",USD 199,"AED 1,000"
A59 5G 256GB,"PKR 44,999","INR 16,999","CNY 1,899",USD 229,"AED 1,200"
A58 5G 256GB,"PKR 49,999","INR 19,000","CNY 1,699",USD 249,"AED 1,300"
A57 5G 128GB,"PKR 34,999","INR 15,999","CNY 1,599",USD 219,"AED 1,100"
A56 5G 128GB,"PKR 32,999","INR 14,999","CNY 1,499",USD 199,"AED 1,000"
A55 5G 128GB,"PKR 29,999","INR 13,999","CNY 1,399",USD 189,AED 950
A54 5G 128GB,"PKR 34,999","INR 15,999","CNY 1,599",USD 219,"AED 1,100"
A53 5G 128GB,"PKR 27,999","INR 12,999","CNY 1,299",USD 179,AED 900
A52 5G 128GB,"PKR 25,999","INR 11,999","CNY 1,199",USD 169,AED 850
A51 5G 128GB,"PKR 23,999","INR 10,999","CNY 1,099",USD 149,AED 800
A50 5G 128GB,"PKR 21,999","INR 9,999",CNY 999,USD 139,AED 750
A49 5G 128GB,"PKR 19,999","INR 8,999",CNY 899,USD 129,AED 700
A40 128GB,"PKR 39,999","INR 19,999","CNY 1,499",USD 199,"AED 1,000"
A40 256GB,"PKR 44,999","INR 22,999","CNY 1,799",USD 229,"AED 1,200"
K11x 128GB,"PKR 59,999","INR 18,000","CNY 1,499",USD 199,"AED 1,000"
K11x 256GB,"PKR 64,999","INR 20,000","CNY 1,699",USD 229,"AED 1,200"
K10x 128GB,"PKR 54,999","INR 16,990","CNY 1,499",USD 199,"AED 1,000"
K10x 256GB,"PKR 59,999","INR 18,990","CNY 1,699",USD 229,"AED 1,200"
K10 5G 128GB,"PKR 64,999","INR 19,999","CNY 1,799",USD 249,"AED 1,300"
K9x 128GB,"PKR 49,999","INR 15,999","CNY 1,499",USD 199,"AED 1,000"
K9x 256GB,"PKR 54,999","INR 17,999","CNY 1,699",USD 229,"AED 1,200"
K9 Pro 5G 128GB,"PKR 69,999","INR 24,999","CNY 2,199",USD 299,"AED 1,500"
K9 Pro 5G 256GB,"PKR 74,999","INR 27,999","CNY 2,499",USD 329,"AED 1,700"
K9 5G 128GB,"PKR 59,999","INR 22,999","CNY 1,999",USD 279,"AED 1,400"
K9 5G 256GB,"PKR 64,999","INR 24,999","CNY 2,199",USD 299,"AED 1,500"
K7x 128GB,"PKR 44,999","INR 14,999","CNY 1,499",USD 199,"AED 1,000"
K7 5G 128GB,"PKR 49,999","INR 19,999","CNY 1,999",USD 279,"AED 1,400"
K7 5G 256GB,"PKR 54,999","INR 21,999","CNY 2,199",USD 299,"AED 1,500"
K11x 128GB,"PKR 59,999","INR 18,000","CNY 1,499",USD 199,"AED 1,000"
K11x 256GB,"PKR 64,999","INR 20,000","CNY 1,699",USD 229,"AED 1,200"
K11 128GB,"PKR 69,999","INR 21,999","CNY 1,899",USD 259,"AED 1,300"
K11 256GB,"PKR 74,999","INR 24,999","CNY 2,199",USD 299,"AED 1,500"
K10x 128GB,"PKR 54,999","INR 16,990","CNY 1,499",USD 199,"AED 1,000"
K10x 256GB,"PKR 59,999","INR 18,990","CNY 1,699",USD 229,"AED 1,200"
K10 5G 128GB,"PKR 64,999","INR 19,999","CNY 1,799",USD 249,"AED 1,300"
K10 5G 256GB,"PKR 69,999","INR 22,999","CNY 2,099",USD 279,"AED 1,500"
K9x 128GB,"PKR 49,999","INR 15,999","CNY 1,499",USD 199,"AED 1,000"
K9x 256GB,"PKR 54,999","INR 17,999","CNY 1,699",USD 229,"AED 1,200"
K9 Pro 5G 128GB,"PKR 69,999","INR 24,999","CNY 2,199",USD 299,"AED 1,500"
K9 Pro 5G 256GB,"PKR 74,999","INR 27,999","CNY 2,499",USD 329,"AED 1,700"
K9 5G 128GB,"PKR 59,999","INR 22,999","CNY 1,999",USD 279,"AED 1,400"
K9 5G 256GB,"PKR 64,999","INR 24,999","CNY 2,199",USD 299,"AED 1,500"
K7x 128GB,"PKR 44,999","INR 14,999","CNY 1,499",USD 199,"AED 1,000"
K7 5G 128GB,"PKR 49,999","INR 19,999","CNY 1,999",USD 279,"AED 1,400"
GT 7 Pro 128GB,"PKR 139,999","INR 59,999","CNY 3,400",USD 470,"AED 1,725"
GT 7 Pro 256GB,"PKR 149,999","INR 65,999","CNY 3,600",USD 500,"AED 1,840"
GT 6 128GB,"PKR 89,999","INR 37,999","CNY 2,800",USD 380,"AED 1,400"
GT 6 256GB,"PKR 94,999","INR 39,999","CNY 2,900",USD 400,"AED 1,460"
GT 6 512GB,"PKR 99,999","INR 41,999","CNY 3,000",USD 420,"AED 1,520"
GT 6T 128GB,"PKR 84,999","INR 28,756","CNY 2,700",USD 360,"AED 1,330"
GT 6T 256GB,"PKR 89,999","INR 30,999","CNY 2,800",USD 380,"AED 1,400"
14 Pro+ 5G 256GB,"PKR 94,999","INR 34,999","CNY 2,600",USD 340,"AED 1,250"
14 Pro+ 5G 512GB,"PKR 99,999","INR 36,999","CNY 2,800",USD 360,"AED 1,320"
14 Pro 5G 128GB,"PKR 79,999","INR 29,999","CNY 2,400",USD 320,"AED 1,150"
14 Pro 5G 256GB,"PKR 84,999","INR 31,999","CNY 2,500",USD 340,"AED 1,210"
14x 5G 128GB,"PKR 64,999","INR 24,999","CNY 2,000",USD 270,AED 970
14x 5G 256GB,"PKR 69,999","INR 26,999","CNY 2,100",USD 290,"AED 1,030"
13+ 5G 128GB,"PKR 59,999","INR 22,999","CNY 1,800",USD 250,AED 900
13+ 5G 256GB,"PKR 64,999","INR 24,999","CNY 1,900",USD 270,AED 970
13 5G 128GB,"PKR 49,999","INR 18,999","CNY 1,500",USD 220,AED 800
13 5G 256GB,"PKR 54,999","INR 20,999","CNY 1,600",USD 240,AED 860
13 Pro 5G 128GB,"PKR 74,999","INR 27,999","CNY 2,200",USD 300,"AED 1,070"
13 Pro 5G 256GB,"PKR 79,999","INR 29,999","CNY 2,400",USD 320,"AED 1,140"
13 Pro+ 5G 256GB,"PKR 94,999","INR 34,999","CNY 2,800",USD 360,"AED 1,320"
13 Pro+ 5G 512GB,"PKR 99,999","INR 36,999","CNY 3,000",USD 380,"AED 1,390"
P1 Speed 5G 128GB,"PKR 54,999","INR 19,999","CNY 1,800",USD 250,AED 900
P1 Speed 5G 256GB,"PKR 59,999","INR 21,999","CNY 1,900",USD 270,AED 960
P2 Pro 5G 256GB,"PKR 89,999","INR 32,999","CNY 2,500",USD 340,"AED 1,210"
P2 Pro 5G 512GB,"PKR 94,999","INR 34,999","CNY 2,700",USD 360,"AED 1,280"
P1 5G 128GB,"PKR 44,999","INR 16,999","CNY 1,400",USD 200,AED 720
P1 5G 256GB,"PKR 49,999","INR 18,999","CNY 1,500",USD 220,AED 780
P1 Pro 5G 128GB,"PKR 59,999","INR 22,999","CNY 1,900",USD 270,AED 960
P1 Pro 5G 256GB,"PKR 64,999","INR 24,999","CNY 2,000",USD 290,"AED 1,020"
Narzo 70 Turbo 5G 128GB,"PKR 54,999","INR 19,999","CNY 1,700",USD 240,AED 860
Narzo 70 Turbo 5G 256GB,"PKR 59,999","INR 21,999","CNY 1,800",USD 260,AED 920
Narzo N61 128GB,"PKR 39,999","INR 14,999","CNY 1,200",USD 180,AED 660
Narzo N63 128GB,"PKR 37,999","INR 13,999","CNY 1,100",USD 160,AED 600
Narzo N65 5G 128GB,"PKR 47,999","INR 17,999","CNY 1,500",USD 210,AED 780
Narzo 70 5G 128GB,"PKR 52,999","INR 19,499","CNY 1,600",USD 230,AED 830
C75 128GB,"PKR 37,999","INR 13,999","CNY 1,100",USD 160,AED 600
C75 256GB,"PKR 42,999","INR 15,999","CNY 1,200",USD 180,AED 660
C61 128GB,"PKR 32,999","INR 11,999",CNY 900,USD 130,AED 500
C67 128GB,"PKR 39,999","INR 14,999","CNY 1,200",USD 170,AED 620
C67 256GB,"PKR 44,999","INR 16,999","CNY 1,300",USD 190,AED 680
C65 128GB,"PKR 37,999","INR 13,999","CNY 1,100",USD 160,AED 600
C65 256GB,"PKR 42,999","INR 15,999","CNY 1,200",USD 180,AED 660
C63 128GB,"PKR 36,999","INR 13,499","CNY 1,050",USD 150,AED 580
C55 128GB,"PKR 39,999","INR 14,999","CNY 1,200",USD 170,AED 620
C55 256GB,"PKR 44,999","INR 16,999","CNY 1,300",USD 190,AED 680
Note 60x 128GB,"PKR 47,999","INR 17,999","CNY 1,500",USD 210,AED 780
Note 60 128GB,"PKR 49,999","INR 18,999","CNY 1,600",USD 220,AED 820
Note 60 256GB,"PKR 54,999","INR 20,999","CNY 1,700",USD 240,AED 880
Note 50 128GB,"PKR 42,999","INR 15,999","CNY 1,200",USD 170,AED 620
GT 7 128GB,"PKR 124,999","INR 47,999","CNY 3,200",USD 440,"AED 1,620"
GT 7 256GB,"PKR 139,999","INR 53,999","CNY 3,600",USD 500,"AED 1,800"
Neo 7 128GB,"PKR 79,999","INR 30,999","CNY 2,400",USD 330,"AED 1,200"
Neo 7 256GB,"PKR 94,999","INR 36,999","CNY 2,800",USD 380,"AED 1,400"
P2 Pro 5G 128GB,"PKR 84,999","INR 32,999","CNY 2,500",USD 350,"AED 1,250"
P2 Pro 5G 256GB,"PKR 99,999","INR 38,999","CNY 2,900",USD 400,"AED 1,400"
Pad 64GB,"PKR 57,999","INR 19,999","CNY 1,400",USD 200,AED 740
Pad 128GB,"PKR 64,999","INR 22,999","CNY 1,600",USD 230,AED 850
Pad 2 128GB,"PKR 74,999","INR 27,999","CNY 2,000",USD 280,"AED 1,050"
Pad 2 256GB,"PKR 84,999","INR 31,999","CNY 2,300",USD 320,"AED 1,200"
Pad 2 Lite 64GB,"PKR 54,999","INR 18,999","CNY 1,300",USD 190,AED 700
Pad 2 Lite 128GB,"PKR 61,999","INR 20,999","CNY 1,500",USD 210,AED 770
Pad X 64GB,"PKR 79,999","INR 29,999","CNY 2,200",USD 310,"AED 1,150"
Pad X 128GB,"PKR 89,999","INR 33,999","CNY 2,500",USD 350,"AED 1,300"
Pad Mini 32GB,"PKR 44,999","INR 15,999","CNY 1,100",USD 160,AED 600
Pad Mini 64GB,"PKR 49,999","INR 17,999","CNY 1,300",USD 180,AED 660
Pad Slim 64GB,"PKR 56,999","INR 19,499","CNY 1,350",USD 200,AED 730
Pad Slim 128GB,"PKR 62,999","INR 21,999","CNY 1,550",USD 220,AED 800
TechLife Pad Neo 64GB,"PKR 59,999","INR 20,999","CNY 1,400",USD 210,AED 770
TechLife Pad Neo 128GB,"PKR 64,999","INR 22,999","CNY 1,600",USD 230,AED 850
Xiaomi 15 Pro 256GB,"PKR 199,999","INR 89,999","CNY 5,299",USD 799,"AED 3,299"
Xiaomi 15 Pro 512GB,"PKR 219,999","INR 99,999","CNY 5,799",USD 899,"AED 3,699"
Xiaomi 15 Pro 1TB,"PKR 239,999","INR 109,999","CNY 6,499",USD 999,"AED 4,099"
Xiaomi 15 256GB,"PKR 179,999","INR 79,999","CNY 4,299",USD 699,"AED 2,899"
Xiaomi 15 512GB,"PKR 199,999","INR 89,999","CNY 4,799",USD 799,"AED 3,299"
Xiaomi 14T Pro 256GB,"PKR 169,999","INR 74,999","CNY 3,999",USD 634.99,"AED 2,699"
Xiaomi 14T Pro 512GB,"PKR 189,999","INR 84,999","CNY 4,299",USD 790.77,"AED 2,999"
Xiaomi 14T Pro 1TB,"PKR 209,999","INR 94,999","CNY 4,799",USD 899,"AED 3,299"
Xiaomi 14T 256GB,"PKR 149,999","INR 69,999","CNY 3,499",USD 599,"AED 2,499"
Xiaomi 14T 512GB,"PKR 169,999","INR 79,999","CNY 3,799",USD 699,"AED 2,799"
Xiaomi 14 Pro 256GB,"PKR 189,999","INR 84,999","CNY 4,799",USD 799,"AED 3,299"
Xiaomi 14 Pro 512GB,"PKR 209,999","INR 94,999","CNY 5,299",USD 899,"AED 3,699"
Xiaomi 14 256GB,"PKR 169,999","INR 74,999","CNY 3,999",USD 699,"AED 2,899"
Xiaomi 14 512GB,"PKR 189,999","INR 84,999","CNY 4,499",USD 799,"AED 3,299"
Redmi Note 14 Pro+ 5G 128GB,"PKR 89,999","INR 29,999","CNY 2,499",USD 374.90,"AED 1,499"
Redmi Note 14 Pro+ 5G 256GB,"PKR 99,999","INR 32,999","CNY 2,799",USD 399.00,"AED 1,599"
Redmi Note 14 Pro+ 5G 512GB,"PKR 109,999","INR 35,999","CNY 3,099",USD 429.00,"AED 1,699"
Redmi Note 14 Pro 5G 128GB,"PKR 79,999","INR 27,999","CNY 2,199",USD 349.00,"AED 1,399"
Redmi Note 14 Pro 5G 256GB,"PKR 89,999","INR 30,999","CNY 2,499",USD 379.00,"AED 1,499"
Redmi Note 14 Pro 4G 128GB,"PKR 69,999","INR 24,999","CNY 1,999",USD 299.00,"AED 1,199"
Redmi Note 14 Pro 4G 256GB,"PKR 79,999","INR 27,999","CNY 2,299",USD 329.00,"AED 1,299"
Redmi Note 14 5G 128GB,"PKR 59,999","INR 21,999","CNY 1,799",USD 279.00,"AED 1,099"
Redmi Note 14 5G 256GB,"PKR 69,999","INR 24,999","CNY 2,099",USD 309.00,"AED 1,199"
Redmi Note 14 4G 128GB,"PKR 49,999","INR 18,999","CNY 1,599",USD 249.00,AED 999
Redmi Note 14 4G 256GB,"PKR 59,999","INR 21,999","CNY 1,899",USD 279.00,"AED 1,099"
Redmi 14C 5G 64GB,"PKR 39,999","INR 14,999","CNY 1,299",USD 199.00,AED 799
Redmi 14C 5G 128GB,"PKR 44,999","INR 16,999","CNY 1,499",USD 229.00,AED 899
Legion Y70 128GB,"PKR 139,999","INR 49,999","CNY 3,299",USD 499,"AED 1,899"
Legion Y70 256GB,"PKR 159,999","INR 54,999","CNY 3,699",USD 549,"AED 2,099"
Legion Y70 512GB,"PKR 179,999","INR 59,999","CNY 4,199",USD 599,"AED 2,299"
K14 Plus 64GB,"PKR 29,999","INR 10,999","CNY 1,299",USD 199,AED 749
K14 Plus 128GB,"PKR 34,999","INR 12,999","CNY 1,499",USD 229,AED 849
K13 Pro 128GB,"PKR 39,999","INR 14,999","CNY 1,699",USD 249,AED 949
K13 32GB,"PKR 19,999","INR 7,499",CNY 999,USD 149,AED 549
K13 Note 64GB,"PKR 29,999","INR 11,999","CNY 1,299",USD 199,AED 749
K10 Plus 64GB,"PKR 24,999","INR 10,999","CNY 1,199",USD 179,AED 699
A6 Note 32GB,"PKR 19,999","INR 9,999",CNY 999,USD 149,AED 549
K10 Note 64GB,"PKR 29,999","INR 13,999","CNY 1,499",USD 219,AED 799
K10 Note 128GB,"PKR 34,999","INR 15,999","CNY 1,699",USD 249,AED 899
Z6 Pro 128GB,"PKR 69,999","INR 39,999","CNY 2,899",USD 429,"AED 1,599"
Z6 Pro 256GB,"PKR 79,999","INR 44,999","CNY 3,299",USD 479,"AED 1,799"
Z5 Pro 64GB,"PKR 49,999","INR 21,400","CNY 1,998",USD 299,"AED 1,099"
Edge 50 Fusion 128GB,"PKR 139,999","INR 29,999","CNY 2,499",USD 499,"AED 1,899"
Edge 50 Fusion 256GB,"PKR 159,999","INR 34,999","CNY 2,799",USD 549,"AED 2,099"
Edge 50 Pro 128GB,"PKR 169,999","INR 34,999","CNY 2,999",USD 549,"AED 2,099"
Edge 50 Pro 256GB,"PKR 189,999","INR 39,999","CNY 3,299",USD 599,"AED 2,299"
Razr 128GB,"PKR 199,999","INR 59,999","CNY 5,999",USD 999,"AED 3,699"
Razr 256GB,"PKR 219,999","INR 64,999","CNY 6,499","USD 1,099","AED 3,999"
G84 5G 128GB,"PKR 79,999","INR 19,999","CNY 1,799",USD 299,"AED 1,099"
G84 5G 256GB,"PKR 89,999","INR 22,999","CNY 1,999",USD 349,"AED 1,299"
Moto G Stylus 64GB,"PKR 49,999","INR 21,999","CNY 1,499",USD 199,AED 799
Moto G Stylus 128GB,"PKR 54,999","INR 24,999","CNY 1,699",USD 249,AED 899
One Vision 3 128GB,"PKR 39,999","INR 19,999","CNY 1,399",USD 299,"AED 1,099"
One Vision 3 256GB,"PKR 44,999","INR 22,999","CNY 1,599",USD 349,"AED 1,299"
Edge 50 Lite 128GB,"PKR 59,999","INR 27,999","CNY 2,199",USD 399,"AED 1,499"
Edge 50 Lite 256GB,"PKR 64,999","INR 29,999","CNY 2,399",USD 449,"AED 1,699"
Moto E40 Plus 64GB,"PKR 29,999","INR 11,999","CNY 1,299",USD 199,AED 749
Moto E40 Plus 128GB,"PKR 34,999","INR 13,999","CNY 1,499",USD 229,AED 849
Moto G Power 64GB,"PKR 39,999","INR 17,999","CNY 1,599",USD 249,AED 949
Moto G Power 128GB,"PKR 44,999","INR 19,999","CNY 1,799",USD 279,"AED 1,049"
Moto G Play 32GB,"PKR 24,999","INR 9,999",CNY 999,USD 149,AED 549
Moto G Play 64GB,"PKR 29,999","INR 11,999","CNY 1,199",USD 179,AED 649
Moto G75 5G 128GB,"PKR 89,999","INR 34,999","CNY 2,699",USD 320,"AED 1,175"
Moto G75 5G 256GB,"PKR 99,999","INR 39,999","CNY 2,999",USD 370,"AED 1,350"
Moto S50 128GB,"PKR 79,999","INR 29,999","CNY 2,499",USD 300,"AED 1,100"
Moto S50 256GB,"PKR 89,999","INR 34,999","CNY 2,799",USD 350,"AED 1,275"
Edge 50 Neo 256GB,"PKR 99,999","INR 39,999","CNY 2,999",USD 400,"AED 1,500"
Edge 50 Neo 512GB,"PKR 109,999","INR 44,999","CNY 3,299",USD 450,"AED 1,675"
Moto G55 128GB,"PKR 69,999","INR 26,999","CNY 2,199",USD 270,"AED 1,000"
Moto G55 256GB,"PKR 79,999","INR 29,999","CNY 2,499",USD 320,"AED 1,175"
Moto G35 128GB,"PKR 49,999","INR 18,999","CNY 1,599",USD 200,AED 750
Moto G35 256GB,"PKR 59,999","INR 22,999","CNY 1,899",USD 250,AED 925
Moto G45 128GB,"PKR 59,999","INR 22,999","CNY 1,899",USD 250,AED 925
Moto G45 256GB,"PKR 69,999","INR 26,999","CNY 2,199",USD 300,"AED 1,100"
Edge 50 256GB,"PKR 109,999","INR 44,999","CNY 3,299",USD 450,"AED 1,675"
Edge 50 512GB,"PKR 119,999","INR 49,999","CNY 3,599",USD 500,"AED 1,850"
Razr 50 Ultra 512GB,"PKR 249,999","INR 99,999","CNY 7,999","USD 1,199","AED 4,399"
Razr 50 256GB,"PKR 199,999","INR 79,999","CNY 5,999",USD 999,"AED 3,699"
Moto G85 128GB,"PKR 79,999","INR 29,999","CNY 2,499",USD 320,"AED 1,175"
Moto G85 256GB,"PKR 89,999","INR 34,999","CNY 2,799",USD 370,"AED 1,350"
S50 Neo 256GB,"PKR 69,999","INR 26,999","CNY 2,199",USD 300,"AED 1,100"
S50 Neo 512GB,"PKR 79,999","INR 29,999","CNY 2,499",USD 350,"AED 1,275"
Moto E14 64GB,"PKR 29,999","INR 11,999",CNY 999,USD 150,AED 550
Moto E14 128GB,"PKR 34,999","INR 13,999","CNY 1,199",USD 180,AED 650
Edge 256GB,"PKR 109,999","INR 44,999","CNY 3,299",USD 450,"AED 1,675"
Edge 512GB,"PKR 119,999","INR 49,999","CNY 3,599",USD 500,"AED 1,850"
Moto X50 Ultra 512GB,"PKR 299,999","INR 119,999","CNY 8,999","USD 1,499","AED 5,499"
Moto G Stylus 5G 256GB,"PKR 69,999","INR 26,999","CNY 2,199",USD 300,"AED 1,100"
Moto G Stylus 5G 512GB,"PKR 79,999","INR 29,999","CNY 2,499",USD 350,"AED 1,275"
Edge 50 Ultra 512GB,"PKR 299,999","INR 119,999","CNY 8,999","USD 1,499","AED 5,499"
Edge 30 Fusion 128GB,"PKR 119,999","INR 49,999","CNY 3,999",USD 699,"AED 2,599"
Edge 30 Fusion 256GB,"PKR 129,999","INR 54,999","CNY 4,299",USD 749,"AED 2,799"
Edge 30 Neo 128GB,"PKR 89,999","INR 34,999","CNY 2,499",USD 499,"AED 1,799"
Edge 30 Neo 256GB,"PKR 99,999","INR 39,999","CNY 2,799",USD 549,"AED 1,999"
Moto G82 5G 128GB,"PKR 64,999","INR 24,999","CNY 1,999",USD 399,"AED 1,499"
Moto G82 5G 256GB,"PKR 74,999","INR 29,999","CNY 2,299",USD 449,"AED 1,699"
Moto G62 5G 128GB,"PKR 54,999","INR 19,999","CNY 1,599",USD 349,"AED 1,299"
Moto G62 5G 256GB,"PKR 64,999","INR 24,999","CNY 1,899",USD 399,"AED 1,499"
Moto G42 128GB,"PKR 44,999","INR 16,999","CNY 1,399",USD 299,"AED 1,099"
Moto G32 128GB,"PKR 39,999","INR 14,999","CNY 1,299",USD 279,AED 999
Moto E32s 64GB,"PKR 29,999","INR 11,999",CNY 999,USD 199,AED 749
Moto E22i 32GB,"PKR 24,999","INR 9,999",CNY 899,USD 179,AED 699
Moto E22 64GB,"PKR 27,999","INR 10,999",CNY 999,USD 199,AED 749
Moto G22 64GB,"PKR 34,999","INR 12,999","CNY 1,199",USD 249,AED 899
P50,"PKR 129,999","INR 59,999","CNY 4,488",USD 699,"AED 2,599"
P50 Pro,"PKR 149,999","INR 79,999","CNY 5,988",USD 899,"AED 3,299"
P50 Pocket,"PKR 199,999","INR 129,999","CNY 8,988","USD 1,299","AED 4,799"
Mate 40E,"PKR 139,999","INR 69,999","CNY 4,599",USD 799,"AED 2,999"
Mate X2,"PKR 349,999","INR 249,999","CNY 17,999","USD 2,699","AED 9,999"
Nova 9,"PKR 89,999","INR 37,999","CNY 2,699",USD 499,"AED 1,899"
Nova 9 Pro,"PKR 109,999","INR 44,999","CNY 3,499",USD 599,"AED 2,199"
P50E,"PKR 119,999","INR 54,999","CNY 4,088",USD 649,"AED 2,399"
Mate Xs 2,"PKR 299,999","INR 199,999","CNY 14,999","USD 2,499","AED 8,999"
Mate 50,"PKR 169,999","INR 84,999","CNY 6,299",USD 999,"AED 3,699"
Mate 50 Pro,"PKR 189,999","INR 99,999","CNY 7,299","USD 1,199","AED 4,399"
Nova 10,"PKR 99,999","INR 39,999","CNY 2,699",USD 499,"AED 1,899"
Nova 10 Pro,"PKR 119,999","INR 49,999","CNY 3,499",USD 599,"AED 2,199"
Nova 10 SE,"PKR 79,999","INR 34,999","CNY 2,299",USD 399,"AED 1,499"
P60,"PKR 169,999","INR 84,999","CNY 6,988",USD 999,"AED 3,699"
P60 Pro,"PKR 189,999","INR 99,999","CNY 7,988","USD 1,099","AED 4,199"
P60 Art,"PKR 219,999","INR 119,999","CNY 8,988","USD 1,299","AED 4,799"
Mate X3,"PKR 349,999","INR 249,999","CNY 13,999","USD 2,499","AED 9,999"
Mate 60,"PKR 199,999","INR 109,999","CNY 6,999","USD 1,099","AED 4,099"
Mate 60 Pro,"PKR 229,999","INR 129,999","CNY 7,999","USD 1,299","AED 4,699"
Mate 60 Pro+,"PKR 249,999","INR 149,999","CNY 8,999","USD 1,499","AED 5,199"
Nova 11,"PKR 89,999","INR 44,999","CNY 2,999",USD 499,"AED 1,899"
Nova 11 Pro,"PKR 109,999","INR 54,999","CNY 3,499",USD 599,"AED 2,199"
Nova 11 Ultra,"PKR 129,999","INR 64,999","CNY 3,999",USD 699,"AED 2,499"
Pura 70,"PKR 169,999","INR 84,999","CNY 6,988",USD 999,"AED 3,699"
Pura 70 Pro,"PKR 189,999","INR 99,999","CNY 7,988","USD 1,099","AED 4,199"
Pura 70 Pro+,"PKR 209,999","INR 114,999","CNY 8,988","USD 1,199","AED 4,699"
Pura 70 Ultra,"PKR 229,999","INR 129,999","CNY 9,988","USD 1,299","AED 5,199"
Mate 70,"PKR 179,999","INR 89,999","CNY 5,499",USD 899,"AED 3,399"
Mate 70 Pro,"PKR 199,999","INR 104,999","CNY 6,499",USD 999,"AED 3,899"
Mate 70 Pro+,"PKR 219,999","INR 119,999","CNY 7,499","USD 1,099","AED 4,399"
Mate X6,"PKR 349,999","INR 249,999","CNY 12,999","USD 2,499","AED 9,999"
Nova 12,"PKR 89,999","INR 44,999","CNY 2,999",USD 499,"AED 1,899"
Nova 12 Pro,"PKR 109,999","INR 54,999","CNY 3,499",USD 599,"AED 2,199"
Mate XT 256GB,"PKR 359,999","INR 259,999","CNY 13,499","USD 2,599","AED 10,499"
Mate XT 512GB,"PKR 389,999","INR 274,999","CNY 14,499","USD 2,799","AED 11,099"
Nova 13 256GB,"PKR 94,999","INR 47,999","CNY 3,199",USD 529,"AED 1,999"
Nova 13 512GB,"PKR 109,999","INR 54,999","CNY 3,699",USD 599,"AED 2,299"
Nova 13 Pro 256GB,"PKR 119,999","INR 59,999","CNY 3,999",USD 649,"AED 2,399"
Nova 13 Pro 512GB,"PKR 134,999","INR 67,999","CNY 4,499",USD 729,"AED 2,699"
G42 5G 128GB,"PKR 74,999","INR 18,999","CNY 1,499",USD 229,AED 849
G20 64GB,"PKR 48,999","INR 12,499",CNY 999,USD 169,AED 629
G20 128GB,"PKR 54,999","INR 13,999","CNY 1,199",USD 189,AED 699
C32 64GB,"PKR 39,999","INR 9,999",CNY 899,USD 139,AED 499
C32 128GB,"PKR 44,999","INR 10,999",CNY 999,USD 159,AED 549
G21 64GB,"PKR 46,999","INR 11,999","CNY 1,099",USD 169,AED 619
G21 128GB,"PKR 52,999","INR 13,999","CNY 1,299",USD 189,AED 699
C22 64GB,"PKR 34,999","INR 8,499",CNY 799,USD 119,AED 449
C22 128GB,"PKR 38,999","INR 9,499",CNY 899,USD 139,AED 499
G400 128GB,"PKR 79,999","INR 22,999","CNY 1,799",USD 239,AED 899
Xperia 1 IV 256GB,"PKR 429,999","INR 119,999","CNY 7,299","USD 1,599","AED 5,799"
Xperia 5 IV 128GB,"PKR 319,999","INR 89,999","CNY 5,999",USD 999,"AED 3,799"
Xperia 10 IV 128GB,"PKR 179,999","INR 49,999","CNY 3,299",USD 499,"AED 1,799"
Xperia 1 V 256GB,"PKR 449,999","INR 124,999","CNY 7,999","USD 1,699","AED 5,999"
Xperia 5 V 128GB,"PKR 339,999","INR 94,999","CNY 6,299","USD 1,099","AED 4,099"
Xperia 10 V 128GB,"PKR 199,999","INR 54,999","CNY 3,699",USD 599,"AED 1,999"
Xperia 1 VI 256GB,"PKR 469,999","INR 129,999","CNY 8,499","USD 1,799","AED 6,199"
Xperia 5 VI 128GB,"PKR 349,999","INR 99,999","CNY 6,599","USD 1,199","AED 4,399"
Xperia 10 VI 128GB,"PKR 209,999","INR 59,999","CNY 3,999",USD 699,"AED 2,199"
T21,"PKR 52,000","INR 17,999","CNY 1,250","USD 396,22",AED 870
MatePad Pro 12.2 512GB,"PKR 161,500","INR 49,990","CNY 4,799",USD 999,"AED 2,199"
MatePad Pro 13.2 512GB,"PKR 197,000","INR 58,590","CNY 5,199",USD 877,"AED 2,199"
Pixel 3a 64GB,"PKR 69,999","INR 39,999","CNY 2,899",USD 399,"AED 1,599"
Pixel 3a XL 64GB,"PKR 79,999","INR 44,999","CNY 3,299",USD 479,"AED 1,799"
Pixel 4 64GB,"PKR 119,999","INR 59,999","CNY 4,799",USD 799,"AED 3,199"
Pixel 4 XL 64GB,"PKR 139,999","INR 69,999","CNY 5,499",USD 899,"AED 3,599"
Pixel 4a 128GB,"PKR 89,999","INR 31,999","CNY 2,999",USD 349,"AED 1,399"
Pixel 4a 5G 128GB,"PKR 109,999","INR 37,999","CNY 3,799",USD 499,"AED 1,999"
Pixel 5 128GB,"PKR 139,999","INR 49,999","CNY 4,599",USD 699,"AED 2,799"
Pixel 5a 128GB,"PKR 109,999","INR 42,999","CNY 3,999",USD 449,"AED 1,799"
Pixel 6 128GB,"PKR 159,999","INR 59,999","CNY 5,999",USD 699,"AED 2,999"
Pixel 6 Pro 256GB,"PKR 199,999","INR 79,999","CNY 7,199",USD 899,"AED 3,499"
Pixel 6a 128GB,"PKR 129,999","INR 43,999","CNY 4,299",USD 449,"AED 1,999"
Pixel 7 128GB,"PKR 169,999","INR 64,999","CNY 6,199",USD 599,"AED 2,399"
Pixel 7 Pro 256GB,"PKR 229,999","INR 89,999","CNY 7,999",USD 899,"AED 3,599"
Pixel 7a 128GB,"PKR 139,999","INR 44,999","CNY 4,599",USD 499,"AED 2,199"
Pixel 8 128GB,"PKR 179,999","INR 69,999","CNY 6,399",USD 699,"AED 2,799"
Pixel 8 Pro 256GB,"PKR 249,999","INR 99,999","CNY 8,499",USD 999,"AED 3,999"
Pixel 8a 128GB,"PKR 149,999","INR 49,999","CNY 4,999",USD 549,"AED 2,399"
Pixel 9 128GB,"PKR 189,999","INR 74,999","CNY 6,599",USD 799,"AED 3,199"
Pixel 9 Pro 256GB,"PKR 259,999","INR 109,999","CNY 8,799","USD 1,099","AED 4,199"
Pixel 9 Pro XL 512GB,"PKR 299,999","INR 129,999","CNY 9,799","USD 1,299","AED 4,999"
Pixel 9 Pro Fold 512GB,"PKR 399,999","INR 179,999","CNY 13,999","USD 1,799","AED 6,999"
Spark Go 1S 64GB,"PKR 27,999","INR 9,999",CNY 799,USD 129,AED 499
Megapad 11 256GB,"PKR 69,999","INR 29,999","CNY 2,499",USD 349,"AED 1,299"
Pop 9 4G 64GB,"PKR 22,999","INR 7,499",CNY 599,USD 99,AED 399
Megapad 128GB,"PKR 59,999","INR 24,999","CNY 2,299",USD 299,"AED 1,099"
Camon 30S 256GB,"PKR 89,999","INR 39,999","CNY 3,199",USD 499,"AED 1,999"
Spark 30C 5G 128GB,"PKR 39,999","INR 14,999","CNY 1,199",USD 199,AED 749
Spark 30 5G 128GB,"PKR 42,999","INR 16,999","CNY 1,399",USD 229,AED 849
Pop 9 64GB,"PKR 21,999","INR 6,999",CNY 549,USD 89,AED 349
Spark 30 Pro 256GB,"PKR 54,999","INR 19,999","CNY 1,799",USD 269,AED 999
Spark 30 128GB,"PKR 34,999","INR 12,999","CNY 1,099",USD 179,AED 699
Phantom V Fold2 512GB,"PKR 399,999","INR 169,999","CNY 12,999","USD 1,799","AED 6,999"
Phantom V Flip2 256GB,"PKR 159,999","INR 79,999","CNY 5,999",USD 999,"AED 3,999"
Pova 6 Neo 5G 256GB,"PKR 69,999","INR 29,999","CNY 2,499",USD 349,"AED 1,299"
Spark 30C 128GB,"PKR 32,999","INR 11,999",CNY 999,USD 149,AED 599
Spark Go 1 64GB,"PKR 22,999","INR 7,499",CNY 599,USD 99,AED 399
Camon 30S Pro 512GB,"PKR 159,999","INR 79,999","CNY 6,999","USD 1,099","AED 4,199"
Spark 20P 128GB,"PKR 37,999","INR 13,999","CNY 1,199",USD 179,AED 699
Spark 20 Pro 5G 256GB,"PKR 59,999","INR 24,999","CNY 2,299",USD 329,"AED 1,199"
Pova 6 Neo 256GB,"PKR 55,999","INR 22,999","CNY 1,899",USD 299,"AED 1,099"
Camon 30 Premier 512GB,"PKR 179,999","INR 89,999","CNY 7,499","USD 1,199","AED 4,499"
Camon 30 Pro 512GB,"PKR 129,999","INR 64,999","CNY 5,499",USD 899,"AED 3,299"
Camon 30 5G 256GB,"PKR 89,999","INR 39,999","CNY 3,199",USD 499,"AED 1,999"
Camon 30 128GB,"PKR 69,999","INR 29,999","CNY 2,499",USD 349,"AED 1,299"
Pova 6 Pro 512GB,"PKR 159,999","INR 79,999","CNY 6,999","USD 1,099","AED 4,199"
Spark 20 Pro+ 256GB,"PKR 54,999","INR 19,999","CNY 1,799",USD 269,AED 999
Spark 20 Pro 128GB,"PKR 39,999","INR 14,999","CNY 1,199",USD 199,AED 749
Spark 20 128GB,"PKR 34,999","INR 12,999","CNY 1,099",USD 179,AED 699
Spark 20C 128GB,"PKR 32,999","INR 11,999",CNY 999,USD 149,AED 599
Spark Go 2024 64GB,"PKR 22,999","INR 7,499",CNY 599,USD 99,AED 399
Pop 8 64GB,"PKR 21,999","INR 6,999",CNY 549,USD 89,AED 349
Camon 20s Pro 5G 512GB,"PKR 159,999","INR 79,999","CNY 6,999","USD 1,099","AED 4,199"
Camon 20s Pro 256GB,"PKR 129,999","INR 59,999","CNY 4,999",USD 899,"AED 3,499"
Camon 20s 256GB,"PKR 79,999","INR 34,999","CNY 2,799",USD 449,"AED 1,799"
Camon 20 Premier 512GB,"PKR 149,999","INR 74,999","CNY 6,499","USD 1,049","AED 3,999"
Camon 20 Pro 5G 256GB,"PKR 89,999","INR 39,999","CNY 3,199",USD 499,"AED 1,999"
Camon 20 Pro 128GB,"PKR 69,999","INR 29,999","CNY 2,499",USD 349,"AED 1,299"
Camon 20 128GB,"PKR 69,999","INR 29,999","CNY 2,499",USD 349,"AED 1,299"
Pova 5G 512GB,"PKR 119,999","INR 54,999","CNY 4,499",USD 699,"AED 2,799"
Pova 5 256GB,"PKR 59,999","INR 24,999","CNY 2,299",USD 329,"AED 1,199"
Xpad,"PKR 54,999","INR 21,999","CNY 1,999",USD 299,"AED 1,099"
Xpad 5G,"PKR 79,999","INR 29,999","CNY 2,499",USD 399,"AED 1,499"
Xpad Lite,"PKR 39,999","INR 14,999","CNY 1,399",USD 219,AED 799
Xpad Pro,"PKR 99,999","INR 39,999","CNY 3,499",USD 549,"AED 1,999"
Hot 50,"PKR 39,999","INR 14,999","CNY 1,399",USD 219,AED 799
Hot 50i,"PKR 32,999","INR 12,499","CNY 1,199",USD 179,AED 699
Hot 50 5G,"PKR 48,999","INR 18,999","CNY 1,799",USD 289,"AED 1,049"
Hot 50 Pro,"PKR 45,999","INR 17,999","CNY 1,699",USD 269,AED 999
Hot 50 Pro+,"PKR 64,999","INR 24,999","CNY 2,499",USD 379,"AED 1,399"
GT 20 Pro,"PKR 89,999","INR 32,999","CNY 2,999",USD 449,"AED 1,699"
Note 40X 5G,"PKR 64,999","INR 23,999","CNY 2,299",USD 349,"AED 1,299"
Note 40S,"PKR 42,999","INR 16,999","CNY 1,799",USD 279,AED 999
Note 40 5G,"PKR 54,999","INR 19,999","CNY 1,999",USD 319,"AED 1,099"
Note 40 Pro 5G,"PKR 72,999","INR 27,999","CNY 2,499",USD 399,"AED 1,499"
Note 40 Racing Edition,"PKR 89,999","INR 32,999","CNY 2,999",USD 449,"AED 1,699"
Hot 40,"PKR 35,999","INR 12,499","CNY 1,199",USD 199,AED 749
Hot 40i,"PKR 28,999","INR 10,999",CNY 999,USD 159,AED 599
Hot 40 Pro,"PKR 39,999","INR 14,999","CNY 1,399",USD 229,AED 849
Zero 40,"PKR 69,999","INR 24,999","CNY 2,199",USD 349,"AED 1,299"
Zero 40 5G,"PKR 74,999","INR 27,999","CNY 2,299",USD 379,"AED 1,399"
Zero Flip,"PKR 89,999","INR 32,999","CNY 2,499",USD 399,"AED 1,499"
Note 40,"PKR 45,999","INR 17,999","CNY 1,799",USD 279,AED 999
Note 40 Pro,"PKR 59,999","INR 22,999","CNY 2,199",USD 329,"AED 1,199"
Hot 30 128GB,"PKR 35,999","INR 12,499","CNY 1,199",USD 199,AED 749
Hot 30i 128GB,"PKR 28,999","INR 10,999",CNY 999,USD 159,AED 599
Hot 30i NFC 128GB,"PKR 29,999","INR 11,499",CNY 999,USD 159,AED 599
Hot 30 Play 128GB,"PKR 30,999","INR 11,999","CNY 1,099",USD 179,AED 649
Hot 30 5G 128GB,"PKR 41,999","INR 17,999","CNY 1,499",USD 239,AED 899
Zero 30 256GB,"PKR 69,999","INR 26,999","CNY 2,199",USD 349,"AED 1,299"
Zero 30 5G 256GB,"PKR 74,999","INR 29,999","CNY 2,299",USD 379,"AED 1,399"
GT 10 Pro 256GB,"PKR 84,999","INR 32,999","CNY 2,599",USD 399,"AED 1,499"
Hot 12 128GB,"PKR 28,999","INR 11,499","CNY 1,099",USD 179,AED 649
Hot 12 Play 128GB,"PKR 24,999","INR 10,499",CNY 999,USD 159,AED 599
Hot 12 Pro 128GB,"PKR 31,999","INR 12,999","CNY 1,199",USD 199,AED 749
Hot 12i 64GB,"PKR 22,999","INR 9,999",CNY 899,USD 139,AED 499
Hot 20 128GB,"PKR 30,999","INR 12,999","CNY 1,199",USD 199,AED 749
Hot 20 Play 128GB,"PKR 25,999","INR 10,999",CNY 999,USD 159,AED 599
Hot 20s 128GB,"PKR 34,999","INR 14,999","CNY 1,399",USD 219,AED 799
Hot 20 5G 128GB,"PKR 38,999","INR 16,999","CNY 1,499",USD 239,AED 899
Hot 20i 64GB,"PKR 21,999","INR 9,499",CNY 899,USD 139,AED 499
Hot 10T 128GB,"PKR 23,999","INR 10,499",CNY 999,USD 149,AED 549
Hot 10S 128GB,"PKR 25,999","INR 11,999","CNY 1,099",USD 169,AED 599
Hot 10S NFC 128GB,"PKR 26,999","INR 12,499","CNY 1,199",USD 179,AED 649
Hot 10 Lite 64GB,"PKR 19,999","INR 7,999",CNY 699,USD 109,AED 399
Hot 10 Play 64GB,"PKR 22,999","INR 9,499",CNY 899,USD 139,AED 499
Hot 11 128GB,"PKR 24,999","INR 10,999",CNY 999,USD 159,AED 599
Hot 11 Play 128GB,"PKR 25,999","INR 11,499","CNY 1,099",USD 169,AED 649
Hot 11s 128GB,"PKR 27,999","INR 12,999","CNY 1,299",USD 189,AED 699
Smart HD 32GB,"PKR 15,999","INR 5,999",CNY 499,USD 79,AED 299
Note 8i 128GB,"PKR 29,999","INR 12,999","CNY 1,199",USD 199,AED 749
Hot 10 Lite 64GB,"PKR 19,999","INR 7,999",CNY 699,USD 109,AED 399
Note 8 128GB,"PKR 34,999","INR 15,999","CNY 1,499",USD 229,AED 899
Zero 8i 128GB,"PKR 39,999","INR 17,999","CNY 1,599",USD 249,AED 999
Hot 10 128GB,"PKR 24,999","INR 10,999",CNY 999,USD 159,AED 599
Zero 8 128GB,"PKR 44,999","INR 19,999","CNY 1,799",USD 279,"AED 1,099"
Smart 5 64GB,"PKR 18,999","INR 7,499",CNY 599,USD 99,AED 349
9X Lite,"PKR 39,999","INR 15,999","CNY 1,499",USD 219,AED 799
30,"PKR 74,999","INR 29,999","CNY 2,999",USD 449,"AED 1,599"
30 Pro,"PKR 94,999","INR 39,999","CNY 3,999",USD 599,"AED 2,199"
30 Pro+,"PKR 109,999","INR 45,999","CNY 4,499",USD 699,"AED 2,599"
30S,"PKR 54,999","INR 22,999","CNY 2,299",USD 349,"AED 1,299"
X10,"PKR 48,999","INR 19,999","CNY 2,099",USD 319,"AED 1,149"
X10 Max,"PKR 64,999","INR 25,999","CNY 2,499",USD 379,"AED 1,399"
Play 4,"PKR 49,999","INR 21,999","CNY 2,299",USD 349,"AED 1,249"
Play 4 Pro,"PKR 74,999","INR 29,999","CNY 3,499",USD 549,"AED 1,999"
10X Lite,"PKR 34,999","INR 13,999","CNY 1,499",USD 229,AED 849
V40,"PKR 89,999","INR 37,999","CNY 3,999",USD 599,"AED 2,199"
50,"PKR 89,999","INR 37,999","CNY 2,699",USD 549,"AED 2,049"
50 Pro,"PKR 109,999","INR 44,999","CNY 3,699",USD 649,"AED 2,499"
50 SE,"PKR 74,999","INR 29,999","CNY 2,399",USD 449,"AED 1,699"
X20,"PKR 64,999","INR 25,999","CNY 2,299",USD 379,"AED 1,399"
X20 SE,"PKR 54,999","INR 22,999","CNY 1,799",USD 299,"AED 1,199"
Play 5,"PKR 49,999","INR 19,999","CNY 2,099",USD 319,"AED 1,149"
Play 5T,"PKR 34,999","INR 14,999","CNY 1,499",USD 219,AED 799
Magic3,"PKR 159,999","INR 64,999","CNY 4,599",USD 899,"AED 3,299"
Magic3 Pro,"PKR 189,999","INR 74,999","CNY 5,499","USD 1,099","AED 3,999"
Magic3 Pro+,"PKR 219,999","INR 84,999","CNY 6,499","USD 1,299","AED 4,599"
60,"PKR 99,999","INR 41,999","CNY 2,699",USD 549,"AED 2,049"
60 Pro,"PKR 124,999","INR 49,999","CNY 3,699",USD 649,"AED 2,599"
60 SE,"PKR 74,999","INR 29,999","CNY 2,399",USD 449,"AED 1,699"
X30,"PKR 69,999","INR 27,999","CNY 2,099",USD 379,"AED 1,299"
X30i,"PKR 54,999","INR 22,999","CNY 1,799",USD 299,"AED 1,099"
X30 Max,"PKR 89,999","INR 35,999","CNY 2,399",USD 499,"AED 1,899"
Play 6,"PKR 29,999","INR 12,999","CNY 1,199",USD 179,AED 699
Play 6T,"PKR 39,999","INR 16,999","CNY 1,499",USD 229,AED 799
Magic4,"PKR 179,999","INR 72,999","CNY 4,699",USD 899,"AED 3,299"
Magic4 Pro,"PKR 209,999","INR 84,999","CNY 5,499","USD 1,099","AED 3,999"
Magic4 Ultimate,"PKR 249,999","INR 99,999","CNY 6,799","USD 1,299","AED 4,599"
Magic V,"PKR 349,999","INR 149,999","CNY 9,999","USD 1,799","AED 6,599"
70,"PKR 119,999","INR 46,999","CNY 2,699",USD 549,"AED 2,099"
70 Pro,"PKR 149,999","INR 59,999","CNY 3,699",USD 699,"AED 2,699"
70 Pro+,"PKR 179,999","INR 69,999","CNY 4,299",USD 799,"AED 3,199"
X40,"PKR 64,999","INR 26,999","CNY 1,499",USD 299,"AED 1,099"
X40i,"PKR 49,999","INR 22,999","CNY 1,799",USD 279,AED 999
Play 7,"PKR 29,999","INR 12,499","CNY 1,099",USD 159,AED 599
Play 7T,"PKR 34,999","INR 14,999","CNY 1,299",USD 199,AED 749
Magic5,"PKR 199,999","INR 79,999","CNY 4,999",USD 999,"AED 3,599"
Magic5 Pro,"PKR 249,999","INR 99,999","CNY 6,199","USD 1,199","AED 4,399"
Magic5 Ultimate,"PKR 299,999","INR 119,999","CNY 7,499","USD 1,399","AED 5,199"
Magic Vs,"PKR 369,999","INR 149,999","CNY 9,999","USD 1,699","AED 6,199"
80,"PKR 119,999","INR 46,999","CNY 2,699",USD 549,"AED 2,099"
80 Pro,"PKR 169,999","INR 69,999","CNY 4,199",USD 799,"AED 3,099"
80 SE,"PKR 84,999","INR 34,999","CNY 1,999",USD 399,"AED 1,599"
X50,"PKR 74,999","INR 28,999","CNY 1,599",USD 299,"AED 1,099"
X50i,"PKR 54,999","INR 21,999","CNY 1,399",USD 249,AED 899
Play 8,"PKR 27,999","INR 11,499",CNY 999,USD 149,AED 549
Play 8T,"PKR 32,999","INR 13,999","CNY 1,199",USD 189,AED 699
Magic6,"PKR 219,999","INR 89,999","CNY 5,499","USD 1,099","AED 3,999"
Magic6 Pro,"PKR 269,999","INR 109,999","CNY 6,999","USD 1,299","AED 4,699"
Magic6 Ultimate,"PKR 319,999","INR 129,999","CNY 8,199","USD 1,499","AED 5,499"
Magic V2,"PKR 389,999","INR 159,999","CNY 10,999","USD 1,899","AED 6,999"
90,"PKR 139,999","INR 54,999","CNY 2,999",USD 599,"AED 2,199"
90 Pro,"PKR 169,999","INR 64,999","CNY 3,999",USD 699,"AED 2,799"
90 SE,"PKR 84,999","INR 34,999","CNY 1,999",USD 399,"AED 1,599"
X60,"PKR 74,999","INR 28,999","CNY 1,599",USD 299,"AED 1,099"
X60i,"PKR 54,999","INR 21,999","CNY 1,399",USD 249,AED 899
Play 9,"PKR 27,999","INR 11,499",CNY 999,USD 149,AED 549
Play 9T,"PKR 32,999","INR 13,999","CNY 1,199",USD 189,AED 699
Magic7,"PKR 219,999","INR 89,999","CNY 5,499","USD 1,099","AED 3,999"
Magic7 Pro,"PKR 269,999","INR 109,999","CNY 6,999","USD 1,299","AED 4,699"
Magic7 Ultimate,"PKR 319,999","INR 129,999","CNY 8,199","USD 1,499","AED 5,499"
Magic V3,"PKR 389,999","INR 159,999","CNY 10,999","USD 1,899","AED 6,999"
Pad 6,"PKR 49,999","INR 17,999","CNY 1,299",USD 199,AED 749
Pad X6,"PKR 39,999","INR 14,999",CNY 999,USD 159,AED 599
Pad 7,"PKR 54,999","INR 19,999","CNY 1,399",USD 229,AED 849
Tablet V7,"PKR 84,999","INR 34,999","CNY 2,199",USD 399,"AED 1,499"
Tablet V7 Pro,"PKR 109,999","INR 44,999","CNY 2,899",USD 499,"AED 1,799"
Pad 8,"PKR 69,999","INR 24,999","CNY 1,599",USD 299,"AED 1,099"
Pad X8,"PKR 44,999","INR 16,999","CNY 1,199",USD 189,AED 699
Pad X8 Lite,"PKR 34,999","INR 12,999",CNY 999,USD 149,AED 549
Pad V8,"PKR 94,999","INR 39,999","CNY 2,499",USD 449,"AED 1,599"
Pad V8 Pro,"PKR 129,999","INR 54,999","CNY 3,599",USD 649,"AED 2,299"
Pad 9,"PKR 84,999","INR 34,999","CNY 2,299",USD 399,"AED 1,499"
Pad 9 Pro,"PKR 109,999","INR 44,999","CNY 2,999",USD 499,"AED 1,799"
Pad X9,"PKR 59,999","INR 22,999","CNY 1,599",USD 299,"AED 1,099"
Pad X8 Pro,"PKR 44,999","INR 16,999","CNY 1,199",USD 189,AED 699
MagicPad 13,"PKR 149,999","INR 64,999","CNY 3,999",USD 799,"AED 2,999"
MagicPad 2,"PKR 179,999","INR 74,999","CNY 4,499",USD 899,"AED 3,299"
Pad X8a,"PKR 34,999","INR 12,999",CNY 999,USD 149,AED 549
Pad X8a Kids Edition,"PKR 29,999","INR 10,999",CNY 799,USD 129,AED 499
Pad X9 Pro,"PKR 79,999","INR 29,999","CNY 2,199",USD 399,"AED 1,499"
Pad V9,"PKR 129,999","INR 54,999","CNY 3,599",USD 649,"AED 2,299"
Pad GT Pro,"PKR 199,999","INR 84,999","CNY 4,999",USD 999,"AED 3,799"
Pad X10,"PKR 74,999","INR 29,999","CNY 2,299",USD 399,"AED 1,499"
Pad X10 Pro,"PKR 94,999","INR 39,999","CNY 2,999",USD 499,"AED 1,799"
MagicPad 3,"PKR 149,999","INR 64,999","CNY 3,999",USD 799,"AED 2,999"
Pad V10,"PKR 129,999","INR 54,999","CNY 3,599",USD 649,"AED 2,299"
F2 Pro 128GB,"PKR 99,999","INR 37,999","CNY 2,999",USD 499,"AED 1,999"
M2 Pro 64GB,"PKR 34,999","INR 13,999","CNY 1,399",USD 199,AED 799
X3 NFC 128GB,"PKR 39,999","INR 16,999","CNY 1,599",USD 229,AED 899
M3 64GB,"PKR 24,999","INR 10,999",CNY 999,USD 149,AED 599
F3 128GB,"PKR 69,999","INR 29,999","CNY 2,499",USD 349,"AED 1,399"
X3 Pro 128GB,"PKR 49,999","INR 18,999","CNY 1,799",USD 249,AED 999
M3 Pro 5G 64GB,"PKR 29,999","INR 13,999","CNY 1,199",USD 199,AED 799
F3 GT 128GB,"PKR 79,999","INR 25,999","CNY 2,299",USD 399,"AED 1,499"
X3 GT 128GB,"PKR 44,999","INR 21,999","CNY 1,899",USD 279,"AED 1,099"
M4 Pro 5G 128GB,"PKR 34,999","INR 14,999","CNY 1,499",USD 219,AED 849
F4 128GB,"PKR 74,999","INR 27,999","CNY 2,399",USD 349,"AED 1,399"
F4 GT 128GB,"PKR 99,999","INR 39,999","CNY 3,299",USD 499,"AED 1,999"
X4 Pro 5G 128GB,"PKR 54,999","INR 18,999","CNY 1,999",USD 299,"AED 1,199"
M4 Pro 128GB,"PKR 39,999","INR 14,999","CNY 1,499",USD 219,AED 849
M5 128GB,"PKR 29,999","INR 12,499","CNY 1,299",USD 199,AED 799
M5s 128GB,"PKR 34,999","INR 13,999","CNY 1,399",USD 229,AED 899
F5 128GB,"PKR 79,999","INR 29,999","CNY 2,299",USD 349,"AED 1,299"
F5 Pro 256GB,"PKR 99,999","INR 39,999","CNY 3,299",USD 499,"AED 1,899"
X5 128GB,"PKR 54,999","INR 18,999","CNY 1,799",USD 279,"AED 1,099"
X5 Pro 128GB,"PKR 64,999","INR 22,999","CNY 2,199",USD 329,"AED 1,199"
M6 64GB,"PKR 29,999","INR 12,999","CNY 1,299",USD 199,AED 799
M6 Pro 128GB,"PKR 34,999","INR 14,999","CNY 1,499",USD 219,AED 849
X6 128GB,"PKR 59,999","INR 21,999","CNY 2,299",USD 349,"AED 1,299"
X6 Pro 256GB,"PKR 69,999","INR 24,999","CNY 2,599",USD 399,"AED 1,499"
F6 128GB,"PKR 89,999","INR 34,999","CNY 2,999",USD 449,"AED 1,699"
F6 Pro 256GB,"PKR 109,999","INR 44,999","CNY 3,499",USD 549,"AED 1,999"
C65 64GB,"PKR 24,999","INR 10,999",CNY 999,USD 149,AED 599
X7 128GB,"PKR 64,999","INR 22,999","CNY 2,199",USD 329,"AED 1,199"
X7 Pro 256GB,"PKR 79,999","INR 27,999","CNY 2,699",USD 399,"AED 1,499"
M7 5G 128GB,"PKR 39,999","INR 15,999","CNY 1,599",USD 229,AED 899
Pad 5G 128GB,"PKR 66,220","INR 23,999","CNY 2,099",USD 280,"AED 1,029"
Pad 5G 256GB,"PKR 71,220","INR 25,999","CNY 2,299",USD 300,"AED 1,099"
Galaxy Z Fold6 256GB,"PKR 604,999","INR 164,999","13,999","USD 1,899","AED 7,199"
Galaxy Z Fold6 512GB,"PKR 544,999","INR 176,999","CNY 15,999",USD 1719,"AED 7,699"
Galaxy Z Fold6 1TB,Not available,"INR 200,999","CNY 17,999","USD 2,259","AED 8,699"
